sk_respondente,sk_geografia,sk_cargo,sk_senioridade,sk_setor,sk_genero_valor,sk_nivel_ensino,sk_area_formacao,sk_modelo_trabalho,sk_tempo_experiencia,sk_faixa_salarial,edicao,cor_raca_etnia,pcd,faixa_etaria,idade,salario_estimado,eh_gestor,pcd_flag,vive_brasil,satisfeito_empresa,empresa_possui_datalake,empresa_possui_dw,houve_layoff,fui_afetado_layoff,serie_comparavel,ia_gen_prioridade,empresa_passou_layoff,llms_bom_resultado,qtd_atividades_analista_dados,qtd_atividades_cientista_dados,qtd_atividades_engenheiro_dados,qtd_bancos_dados,qtd_barreiras_ia_generativa,qtd_cargos_no_time,qtd_clouds,qtd_desafios_gestor,qtd_exp_prof_prejudicada,qtd_fatores_avaliacao_emprego,qtd_fatores_troca_emprego,qtd_ferramentas_bi,qtd_fontes_dados,qtd_linguagens,qtd_motivos_insatisfacao_2023,qtd_percepcao_carreira,qtd_uso_ia_generativa,qtd_linguagem_preferida,qtd_cloud_preferida,qtd_ferramenta_bi_diaria,usa_ia_generativa,respondeu_bloco_ia_empresa,respondeu_bloco_maturidade,id_origem,data_envio,ano_pesquisa
f5b3fbcfbdb27ee40f0bb19ee2e8d494a0fa933e1be64bd61fe872c747d800d3,6f496e9738ca13d1,c2746be945b965d3,92613a8f434050ae,0e1e984e5bd7c32f,cbb8b78dc192f1be,a7d05515eec02b7a,fe3df6ab57602796,7e9f6dc0fde56d40,2048c036bd9b18b5,940f48d40481453d,2023-2024,Branca,Nao,30-34,31,14000.5,False,False,True,False,,,False,False,True,,Nao_ocorreram_layoffs/demissoes_em_massa_na_empresa_em_que_trabalho,,,10.0,,5.0,,,1.0,,,3.0,,1.0,8.0,2.0,0.0,,4.0,1.0,1.0,1.0,False,False,False,001b2d1qtli8t9z7oqgdhj001b2d4i0g,,2023
773a1a34c81534b844f083e09965dd49e1a07d86c9ea5cded2580fdc74aa0ffc,667e1c97e3c6f471,dbb936c8c1ffecd9,55cdc119d607e551,78dcf54c346ca653,f3602ece1606872c,2833afa24eae7ac7,936382867105808c,c9ed1c765640c18d,982900b1b6b3c126,67d183cf4199ecb9,2023-2024,Preta,Nao,30-34,32,3500.5,False,False,True,True,,,False,False,True,,Nao_ocorreram_layoffs/demissoes_em_massa_na_empresa_em_que_trabalho,,,,,2.0,,,1.0,,1.0,3.0,,1.0,2.0,1.0,,2.0,3.0,1.0,1.0,1.0,True,False,False,02yuxvtb6698rqwq8w02yuza594l7cut,,2023
eae5d51ff660748809acfc4946730a423f65ac53685e63408bf920249fed66de,f5aeb0b6798a7470,cd95eee51aa193ac,55cdc119d607e551,5835bc43ea92d4c5,cbb8b78dc192f1be,45257b7dd1c84b75,936382867105808c,7e9f6dc0fde56d40,2de7e75800b84bf1,d95903abcbe2576f,2023-2024,Branca,Nao,30-34,30,10000.5,False,False,True,True,,,False,False,False,,Nao_ocorreram_layoffs/demissoes_em_massa_na_empresa_em_que_trabalho,,,12.0,,1.0,,,,,,3.0,,1.0,4.0,2.0,,,2.0,1.0,,1.0,True,False,False,076sddptnza0htgkwxmr1jr076sddptb,,2023
58af517abdef3daaa3b2409945e10320203b9717158265b9eb213ab2f2a5a598,f5aeb0b6798a7470,c2746be945b965d3,55cdc119d607e551,f5904cf7a1231a7a,cbb8b78dc192f1be,d68d5f833235fe5f,a8345d98542c8fcb,c9ed1c765640c18d,2048c036bd9b18b5,67d183cf4199ecb9,2023-2024,Amarela,Prefiro_nao_informar,22-24,23,3500.5,False,,True,False,,,True,False,True,,"Sim,_ocorreram_layoffs/demissoes_em_massa_na_empresa_em_que_trabalho_mas_nao_fui_afetado",,10.0,,,2.0,,,2.0,,1.0,3.0,,3.0,7.0,5.0,3.0,,2.0,1.0,2.0,2.0,True,False,False,08f7gp5stfs0txz08fn357e56e1co6sj,,2023
f76312b5c3e2ea6b3c578c62438bfafa8038d263e93e816a42a2eb6c2a1718a8,296d71a7f66e75b7,f4309b3f4ebdc8d0,92613a8f434050ae,5835bc43ea92d4c5,f3602ece1606872c,43eba83eee969f1e,3053d057e7d49d8f,c9ed1c765640c18d,0e2cf1c49e48255b,85595ffccc905ca5,2023-2024,Branca,Nao,30-34,33,5000.5,False,False,True,False,,,True,False,True,,"Sim,_ocorreram_layoffs/demissoes_em_massa_na_empresa_em_que_trabalho_mas_nao_fui_afetado",,,,,,,,,,,1.0,,,,,1.0,,,,,,,False,False,09esdc97ebk0609es03a7nf83pw1owqg,,2023
b04b6865536fcacfac4658268b998dbaa6eebae4af0f62fdd6038960cfbc04f3,6f496e9738ca13d1,,,5835bc43ea92d4c5,f3602ece1606872c,d68d5f833235fe5f,3053d057e7d49d8f,3274ca06d4c94bff,2048c036bd9b18b5,85595ffccc905ca5,2023-2024,Branca,Nao,22-24,23,5000.5,True,False,True,True,,,False,False,True,"Mais_ou_menos..._E_uma_das_varias_iniciativas_que_estamos_impulsionando,_mas_nao_e_uma_prioridade_(tratam-se_de_iniciativas_isoladas_e_com_pouco_foco).",Nao_ocorreram_layoffs/demissoes_em_massa_na_empresa_em_que_trabalho,,,,,,1.0,3.0,,9.0,1.0,1.0,,,,,,1.0,1.0,,,,True,True,False,0bb3tmiavc8odqz33eojlr0bb3to0mtu,,2023
745132f35f72327d3a0161981cfbc55eadc7aad07c7cbbfa89cd75f21592b5f6,f5aeb0b6798a7470,fe17ae5e2eff92b0,55cdc119d607e551,db2fc8aea5e4d81c,cbb8b78dc192f1be,43eba83eee969f1e,fe3df6ab57602796,3274ca06d4c94bff,2048c036bd9b18b5,e25c1203a442e6ba,2023-2024,Branca,Nao,22-24,22,7000.5,False,False,True,True,,,False,False,True,,Nao_ocorreram_layoffs/demissoes_em_massa_na_empresa_em_que_trabalho,,9.0,,,1.0,,,,,,3.0,,1.0,2.0,2.0,,,2.0,1.0,,1.0,True,False,False,0beob0vw5kuacjool0w0beobkbzsh06f,,2023
163cdfe64b25320f385bbe521ce70154fb8106fdd8115587250c833c4eb09aff,f5aeb0b6798a7470,dbb936c8c1ffecd9,ecc6252a91d769cd,f5904cf7a1231a7a,f3602ece1606872c,43eba83eee969f1e,e48dc30f6cbde6fe,0569ab4f29228b28,9de61584ed97694c,67d183cf4199ecb9,2023-2024,Branca,Nao,25-29,25,3500.5,False,False,True,False,,,False,False,True,,Nao_ocorreram_layoffs/demissoes_em_massa_na_empresa_em_que_trabalho,,,,,3.0,,,1.0,,1.0,3.0,,1.0,4.0,0.0,2.0,5.0,2.0,1.0,1.0,1.0,True,False,False,0czmmsqic3e0czzgfpcxcmlvopm6lzgf,,2023
6fe48053407bb644db5b148ae806f56f90ee74ba6fabd2e4992cda806e7ad0c8,409521f02c8b29bd,c518a4f98887a30b,55cdc119d607e551,0e1e984e5bd7c32f,cbb8b78dc192f1be,43eba83eee969f1e,a8345d98542c8fcb,0569ab4f29228b28,982900b1b6b3c126,85595ffccc905ca5,2023-2024,Branca,Nao,25-29,26,5000.5,False,False,True,True,,,False,False,True,,Nao_ocorreram_layoffs/demissoes_em_massa_na_empresa_em_que_trabalho,,6.0,,,1.0,,,1.0,,,1.0,,1.0,4.0,1.0,,,2.0,1.0,1.0,1.0,True,False,False,0gn3aonvi5bf7v0gditzg8sz142fxclo,,2023
1d21e07d1e0ae9aae522a37a8925823a5ab4dbce6b7c9ef7bb8749fc3a68df17,f5aeb0b6798a7470,fe17ae5e2eff92b0,92613a8f434050ae,0e1e984e5bd7c32f,cbb8b78dc192f1be,2833afa24eae7ac7,a8345d98542c8fcb,c9ed1c765640c18d,0e2cf1c49e48255b,940f48d40481453d,2023-2024,Amarela,Nao,30-34,33,14000.5,False,False,True,True,,,True,False,True,,"Sim,_ocorreram_layoffs/demissoes_em_massa_na_empresa_em_que_trabalho_mas_nao_fui_afetado",,8.0,,,1.0,,,1.0,,1.0,3.0,,1.0,3.0,1.0,,,2.0,1.0,1.0,1.0,True,False,False,0gqoessq550geoi56otja8nxkzhl2yoe,,2023
205f450151b6a698f57b127585548d42739883230268660785b64479ddc093a7,f5aeb0b6798a7470,dbb936c8c1ffecd9,ecc6252a91d769cd,0e1e984e5bd7c32f,f3602ece1606872c,d68d5f833235fe5f,a8345d98542c8fcb,c9ed1c765640c18d,982900b1b6b3c126,fe70e8c8015640e1,2023-2024,Branca,Nao,22-24,24,2500.5,False,False,True,True,,,True,False,True,,"Sim,_ocorreram_layoffs/demissoes_em_massa_na_empresa_em_que_trabalho_mas_nao_fui_afetado",,,8.0,,1.0,,,1.0,,1.0,3.0,,2.0,4.0,3.0,,3.0,2.0,1.0,1.0,2.0,True,False,False,0mp2dsmps10vyxahto0mp2ddj4kdfc2s,,2023
aeb4743acf14539bd33c5238198634225a78713c02b1fc91b8a44b2734b1e77f,6f496e9738ca13d1,c518a4f98887a30b,ecc6252a91d769cd,f5904cf7a1231a7a,cbb8b78dc192f1be,d68d5f833235fe5f,fe3df6ab57602796,c9ed1c765640c18d,982900b1b6b3c126,5cc11ce5bfb49a2b,2023-2024,Branca,Nao,22-24,24,1500.5,False,False,True,True,False,True,False,False,True,,Nao_ocorreram_layoffs/demissoes_em_massa_na_empresa_em_que_trabalho,,,,7.0,2.0,,,3.0,,,3.0,,3.0,6.0,2.0,,,2.0,1.0,3.0,2.0,True,False,True,0u9ldjdnpdo5ajqnplj9khr0u9ldjdnv,,2023
4c723f824fdf3081ad7b8d5b4f5cc59ae59ed92934c4dd26d4f367da94c1799c,f5aeb0b6798a7470,,,0e1e984e5bd7c32f,cbb8b78dc192f1be,2833afa24eae7ac7,936382867105808c,c9ed1c765640c18d,b8ec533185a2aae8,a78cd477da7a2759,2023-2024,Branca,Nao,40-44,41,35000.5,True,False,True,True,,,True,False,True,"Mais_ou_menos..._E_uma_das_varias_iniciativas_que_estamos_impulsionando,_mas_nao_e_uma_prioridade_(tratam-se_de_iniciativas_isoladas_e_com_pouco_foco).","Sim,_ocorreram_layoffs/demissoes_em_massa_na_empresa_em_que_trabalho_mas_nao_fui_afetado",,,,,,,4.0,,10.0,,3.0,,,,,,,2.0,,,,True,True,False,0w0cx6th9989gcfjxxvpjr50w0cx6osv,,2023
fcea970e63b03fe5ce02ee6d0422d94ebb367d5cfc69ab582bc65faac5e8600e,ce344a418127968f,c2746be945b965d3,55cdc119d607e551,8d8376636f8ade6f,cbb8b78dc192f1be,43eba83eee969f1e,a8345d98542c8fcb,c9ed1c765640c18d,2048c036bd9b18b5,d95903abcbe2576f,2023-2024,Parda,Nao,25-29,25,10000.5,False,False,True,True,,,False,False,True,,Nao_ocorreram_layoffs/demissoes_em_massa_na_empresa_em_que_trabalho,,,13.0,,2.0,,,1.0,,1.0,3.0,,1.0,4.0,4.0,,,3.0,1.0,1.0,1.0,True,False,False,0xic84omxpd7ptjgan0xic84o5sn3174,,2023
cc298c8dd45f79fb22930b50b6bcbbacab67eecf12c8e4849e34aac8ca355370,32da6721804f1dd3,e6a628f18955ffc3,92613a8f434050ae,78dcf54c346ca653,cbb8b78dc192f1be,43eba83eee969f1e,fe3df6ab57602796,c9ed1c765640c18d,982900b1b6b3c126,940f48d40481453d,2023-2024,Branca,Nao,25-29,29,14000.5,False,False,True,False,True,True,True,False,True,,"Sim,_ocorreram_layoffs/demissoes_em_massa_na_empresa_em_que_trabalho_mas_nao_fui_afetado",,,,7.0,5.0,,,1.0,,,3.0,,1.0,5.0,3.0,3.0,,4.0,1.0,1.0,1.0,True,False,True,150n2wvf0ynssn3lolep150n2wvfwppi,,2023
670b39ce77acf9f9e6ccab590e87ab8c4cccd173299507372af70cf963c30637,c3972ccd73541907,c2746be945b965d3,55cdc119d607e551,8d8376636f8ade6f,cbb8b78dc192f1be,2833afa24eae7ac7,a8345d98542c8fcb,3274ca06d4c94bff,982900b1b6b3c126,fe70e8c8015640e1,2023-2024,Branca,Nao,30-34,31,2500.5,False,False,True,False,,,False,False,True,,Nao_ocorreram_layoffs/demissoes_em_massa_na_empresa_em_que_trabalho,,,11.0,,1.0,,,1.0,,,3.0,,0.0,3.0,2.0,3.0,,2.0,1.0,1.0,1.0,True,False,False,15sjomi7artoobet15sj5jeffud0ra0y,,2023
9e7da8aae94b5005f22c11204c3cac8924a444b22a2b565a56aad9ab9f6029d7,f5aeb0b6798a7470,dbb936c8c1ffecd9,ecc6252a91d769cd,8d8376636f8ade6f,cbb8b78dc192f1be,43eba83eee969f1e,936382867105808c,0569ab4f29228b28,f719efb91c5dbcd8,fe70e8c8015640e1,2023-2024,Branca,Nao,22-24,23,2500.5,False,False,True,False,,,False,False,True,,Nao_ocorreram_layoffs/demissoes_em_massa_na_empresa_em_que_trabalho,,,,,1.0,,,,,,3.0,,1.0,3.0,0.0,3.0,,2.0,1.0,,1.0,False,False,False,17n1wbcm7qvd90xv217n1wvqxseyngeo,,2023
686552341ba5c3be7f26184336f0bec125c9ccd88db9cb94d732e69ebfd039e9,0df9e03357ae3a2b,e6a628f18955ffc3,ecc6252a91d769cd,5835bc43ea92d4c5,cbb8b78dc192f1be,43eba83eee969f1e,936382867105808c,c9ed1c765640c18d,2048c036bd9b18b5,e25c1203a442e6ba,2023-2024,Parda,Nao,25-29,27,7000.5,False,False,True,True,True,True,False,False,True,,Nao_ocorreram_layoffs/demissoes_em_massa_na_empresa_em_que_trabalho,,,,10.0,5.0,,,2.0,,1.0,3.0,,1.0,4.0,2.0,,,2.0,1.0,2.0,1.0,True,False,True,17umw4ljr40d31fhz5bg717umj1n0e6x,,2023
7cc3981e670f50835b7de219dcb5cb5cf3cc51338fe2d5e0306835d8d4559095,c3972ccd73541907,cb6d01a5d97e4b3e,55cdc119d607e551,db2fc8aea5e4d81c,f3602ece1606872c,43eba83eee969f1e,a8345d98542c8fcb,c9ed1c765640c18d,982900b1b6b3c126,d95903abcbe2576f,2023-2024,Amarela,Nao,25-29,26,10000.5,False,False,True,True,,,False,False,True,,Nao_ocorreram_layoffs/demissoes_em_massa_na_empresa_em_que_trabalho,,,,,2.0,,,1.0,,1.0,2.0,,2.0,4.0,1.0,,1.0,2.0,1.0,1.0,2.0,True,False,False,18xp1g9xmd9umdi2z18x4rut1864ze7r,,2023
664ee888cd94293295afef09c343311106e17633d8d3e72d2ce803486b64762b,f5aeb0b6798a7470,22254c459c370bc8,92613a8f434050ae,1f52ebe07a196a36,cbb8b78dc192f1be,43eba83eee969f1e,936382867105808c,0569ab4f29228b28,b8ec533185a2aae8,85595ffccc905ca5,2023-2024,Preta,Nao,50-54,54,5000.5,False,False,True,True,,,False,False,True,,Nao_ocorreram_layoffs/demissoes_em_massa_na_empresa_em_que_trabalho,,4.0,,,3.0,,,1.0,,1.0,1.0,,2.0,4.0,1.0,,1.0,2.0,1.0,1.0,2.0,False,False,False,1afqe921s4n6eh561afqetzmpd7et4jw,,2023
693677c536a1f9ce0017e96e6ea730ff20aec2691f3c3090ee75098c58415817,32da6721804f1dd3,e6a628f18955ffc3,55cdc119d607e551,78dcf54c346ca653,cbb8b78dc192f1be,2833afa24eae7ac7,a8345d98542c8fcb,3274ca06d4c94bff,2048c036bd9b18b5,e25c1203a442e6ba,2023-2024,Branca,Nao,30-34,32,7000.5,False,False,True,True,True,True,False,False,True,,Nao_ocorreram_layoffs/demissoes_em_massa_na_empresa_em_que_trabalho,,,,4.0,3.0,,,1.0,,,3.0,,3.0,5.0,3.0,,,2.0,1.0,1.0,3.0,True,False,True,1bqq4pgskpve20qx61bqq9nc6jsw8368,,2023
85b0c54e0f7ef640ae59bce5a528bb1ab4a849c9cf56fb18c75c48bc1e7d57db,c3972ccd73541907,fe17ae5e2eff92b0,55cdc119d607e551,db2fc8aea5e4d81c,f3602ece1606872c,43eba83eee969f1e,fe3df6ab57602796,3274ca06d4c94bff,2048c036bd9b18b5,85595ffccc905ca5,2023-2024,Branca,Nao,30-34,30,5000.5,False,False,True,True,,,True,False,True,,"Sim,_ocorreram_layoffs/demissoes_em_massa_na_empresa_em_que_trabalho_mas_nao_fui_afetado",,12.0,,,4.0,,,1.0,,1.0,3.0,,2.0,4.0,2.0,,2.0,2.0,1.0,1.0,2.0,True,False,False,1c0x0ogcdheqqto2a1c0xyvyswdbifti,,2023
57ef4c4c962b0dc6f0af4f509eaf9474508ac256bf2126b494ec53f19c8cfbf7,0df9e03357ae3a2b,dbb936c8c1ffecd9,ecc6252a91d769cd,69e1b53db3e87dcd,cbb8b78dc192f1be,43eba83eee969f1e,fe3df6ab57602796,3274ca06d4c94bff,982900b1b6b3c126,67d183cf4199ecb9,2023-2024,Parda,Nao,30-34,31,3500.5,False,False,True,False,True,True,False,False,True,,Nao_ocorreram_layoffs/demissoes_em_massa_na_empresa_em_que_trabalho,,,,9.0,4.0,,,1.0,,1.0,3.0,,1.0,4.0,2.0,3.0,,2.0,1.0,1.0,1.0,True,False,True,1fksk09n0tu0l6h8yl4h1fksk095xb1b,,2023
d08ab8397fcc96489234cbb68d16f6a2c8bc6e7108af703d530c95e01607f8ea,f5aeb0b6798a7470,c2746be945b965d3,92613a8f434050ae,db2fc8aea5e4d81c,cbb8b78dc192f1be,43eba83eee969f1e,fe3df6ab57602796,c9ed1c765640c18d,2de7e75800b84bf1,940f48d40481453d,2023-2024,Branca,Nao,25-29,28,14000.5,False,False,True,True,,,False,False,True,,Nao_ocorreram_layoffs/demissoes_em_massa_na_empresa_em_que_trabalho,,,24.0,,2.0,,,2.0,,,3.0,,3.0,8.0,2.0,,,5.0,1.0,2.0,3.0,True,False,False,1juqnnq8w5g1juq25h20elmadyv519wl,,2023
d3337ef094b6e3fb7e24d33940337fe4b630c5ac0b2a187df76a83bf139e7787,f5aeb0b6798a7470,,,dbb936c8c1ffecd9,cbb8b78dc192f1be,2833afa24eae7ac7,a8345d98542c8fcb,c9ed1c765640c18d,0e2cf1c49e48255b,940f48d40481453d,2023-2024,Branca,Nao,30-34,31,14000.5,True,False,True,True,,,False,False,True,"Mais_ou_menos..._E_uma_das_varias_iniciativas_que_estamos_impulsionando,_mas_nao_e_uma_prioridade_(tratam-se_de_iniciativas_isoladas_e_com_pouco_foco).",Nao_ocorreram_layoffs/demissoes_em_massa_na_empresa_em_que_trabalho,,,,,,1.0,7.0,,5.0,,3.0,,,,,,,2.0,,,,True,True,False,1n3ts0dsvfhbzzp1n3s7r3bya0sv050k,,2023
fa6936c173052ae3a8b8091e0512591ef02ca881de487aa565bafce3ad798040,f5aeb0b6798a7470,,,460e4e0bd6b3cd1d,f3602ece1606872c,2833afa24eae7ac7,046a83f0313b93ce,3274ca06d4c94bff,982900b1b6b3c126,940f48d40481453d,2023-2024,Parda,Nao,30-34,31,14000.5,True,False,True,True,,,False,False,True,Nao_e_uma_iniciativa_que_estamos_focando_e_nao_tem_sido_uma_prioridade.,Nao_ocorreram_layoffs/demissoes_em_massa_na_empresa_em_que_trabalho,,,,,,2.0,3.0,,7.0,1.0,3.0,,,,,,4.0,1.0,,,,True,True,False,1nmrjqcdg2rk07d4ucbaz1nmrjqcdxu1,,2023
f8a24c1420cc885ca72f4cfe8bd1326853b64b514c6c9bb387bfc586150f7b68,f5aeb0b6798a7470,fe17ae5e2eff92b0,92613a8f434050ae,dbb936c8c1ffecd9,cbb8b78dc192f1be,43eba83eee969f1e,fe3df6ab57602796,7e9f6dc0fde56d40,2de7e75800b84bf1,d95903abcbe2576f,2023-2024,Branca,Nao,25-29,26,10000.5,False,False,True,True,,,True,False,True,,"Sim,_ocorreram_layoffs/demissoes_em_massa_na_empresa_em_que_trabalho_mas_nao_fui_afetado",,11.0,,,3.0,,,2.0,,,3.0,,4.0,7.0,4.0,,,4.0,1.0,2.0,3.0,True,False,False,1rw5ornqpc716ikkr2br11rw5ornh43e,,2023
039fc0863dcacfb09b48628d0065d4674cbda0f086bcd2d2418b82dd5ead6d8d,a0f949497a74dde0,e6a628f18955ffc3,55cdc119d607e551,db2fc8aea5e4d81c,cbb8b78dc192f1be,43eba83eee969f1e,046a83f0313b93ce,c9ed1c765640c18d,982900b1b6b3c126,67d183cf4199ecb9,2023-2024,Branca,Nao,25-29,27,3500.5,False,False,True,True,True,True,True,False,True,,"Sim,_ocorreram_layoffs/demissoes_em_massa_na_empresa_em_que_trabalho_mas_nao_fui_afetado",,,,5.0,1.0,,,1.0,,,3.0,,1.0,5.0,2.0,,,2.0,1.0,1.0,1.0,True,False,True,1ygwdvahw3uhzit01ygwd0h3g7ky5d11,,2023
402a604584296a9d2dbb97a6e55aa65ecfad205f69a53aab68e0f51d9a6d57ad,ce344a418127968f,,,0e1e984e5bd7c32f,cbb8b78dc192f1be,45257b7dd1c84b75,a8345d98542c8fcb,c9ed1c765640c18d,b8ec533185a2aae8,a78cd477da7a2759,2023-2024,Branca,Nao,30-34,34,35000.5,True,False,True,True,,,True,False,True,"Mais_ou_menos..._E_uma_das_varias_iniciativas_que_estamos_impulsionando,_mas_nao_e_uma_prioridade_(tratam-se_de_iniciativas_isoladas_e_com_pouco_foco).","Sim,_ocorreram_layoffs/demissoes_em_massa_na_empresa_em_que_trabalho_mas_nao_fui_afetado",,,,,,2.0,4.0,,5.0,,3.0,,,,,,,1.0,,,,True,True,False,1ykx15p0swb0zq4lfpydw1ykx192ats1,,2023
171f3f2c2517b222fba7ab7af884873db522d1c6a9e0f51b3fedba3f6ba34269,667e1c97e3c6f471,e6a628f18955ffc3,92613a8f434050ae,78dcf54c346ca653,cbb8b78dc192f1be,45257b7dd1c84b75,fe3df6ab57602796,c9ed1c765640c18d,b8ec533185a2aae8,77ec651ae4aaf72e,2023-2024,Branca,Nao,40-44,41,22500.5,False,False,True,True,,,False,False,True,,Nao_ocorreram_layoffs/demissoes_em_massa_na_empresa_em_que_trabalho,,,23.0,,7.0,,,3.0,,,3.0,,3.0,9.0,4.0,,,6.0,1.0,3.0,3.0,True,False,False,1ym42evpf3kt371ymvcalkvbcil4y5ku,,2023
c53c228fe052dbc00068745718939b7a97809e637be320062fb90ad3ae1743c1,f9085bf3a4e33576,bc49c018363808cc,92613a8f434050ae,5835bc43ea92d4c5,cbb8b78dc192f1be,2833afa24eae7ac7,fe3df6ab57602796,c9ed1c765640c18d,2048c036bd9b18b5,e25c1203a442e6ba,2023-2024,Parda,Nao,30-34,34,7000.5,False,False,True,True,True,False,False,False,True,,Nao_ocorreram_layoffs/demissoes_em_massa_na_empresa_em_que_trabalho,,,,10.0,4.0,,,1.0,,1.0,3.0,,1.0,3.0,2.0,,,2.0,1.0,1.0,1.0,True,False,True,20a4osktc9echnd7ic1hq20a4osksp7s,,2023
1d125de5d5b865eca1396ff3ed08a3f138e8588cbd5e0242b629e827e1482f9a,f5aeb0b6798a7470,,,,cbb8b78dc192f1be,45257b7dd1c84b75,a8345d98542c8fcb,,,,2023-2024,Branca,Nao,30-34,31,,,False,True,,,,,,True,,,,,,,,,,,,,,,,,,,,,,,,,False,False,22bragf5rnsy7g6kr22brak7fw9stjff,,2023
0b9a38e4981f70403b7688ddc975bd29aec9319a27cde7f95f620813e86fc2bd,f5aeb0b6798a7470,,,,cbb8b78dc192f1be,2833afa24eae7ac7,fe3df6ab57602796,,,,2023-2024,Parda,Nao,25-29,27,,,False,True,,,,,,True,,,,,,,,,,,,1.0,,,,,,,,,,,,,False,False,24zrisoyw05okxrw24zri6uh44ccwd3w,,2023
06884833c74358a68f853bb9d9e090b25f2aaf2ee3d52a0ae01002972081cc4a,c3972ccd73541907,fe17ae5e2eff92b0,55cdc119d607e551,78dcf54c346ca653,cbb8b78dc192f1be,43eba83eee969f1e,936382867105808c,c9ed1c765640c18d,982900b1b6b3c126,67d183cf4199ecb9,2023-2024,Branca,Prefiro_nao_informar,30-34,31,3500.5,False,,True,True,,,False,False,True,,Nao_ocorreram_layoffs/demissoes_em_massa_na_empresa_em_que_trabalho,,10.0,,,2.0,,,1.0,,,3.0,,4.0,4.0,2.0,,,2.0,1.0,1.0,3.0,True,False,False,25qafi926wp2hhhf25qa43k1hz26n2qo,,2023
ef1ccc40322695a7813430128ae274931923ee3234daac2f95c48d6621723c5f,409521f02c8b29bd,,,a4ae60a328c87d96,cbb8b78dc192f1be,2833afa24eae7ac7,936382867105808c,0569ab4f29228b28,0e2cf1c49e48255b,c142a48bfad4a258,2023-2024,Branca,Nao,45-49,47,18000.5,True,False,True,True,,,False,False,True,Nao_e_uma_iniciativa_que_estamos_focando_e_nao_tem_sido_uma_prioridade.,Nao_ocorreram_layoffs/demissoes_em_massa_na_empresa_em_que_trabalho,,,,,,0.0,3.0,,3.0,,1.0,,,,,,,2.0,,,,True,True,False,27qwtxeipoemb8e27qw5dmujsp3q7cyu,,2023
d576c8bfb93cab7bb9c9e56aaa54eeda75d7d2a5e66883103157d0079c0ad236,0df9e03357ae3a2b,c2746be945b965d3,92613a8f434050ae,dbb936c8c1ffecd9,cbb8b78dc192f1be,45257b7dd1c84b75,f8f6d420549b37fb,c9ed1c765640c18d,2de7e75800b84bf1,940f48d40481453d,2023-2024,Branca,Nao,30-34,31,14000.5,False,False,True,True,,,False,False,True,,Nao_ocorreram_layoffs/demissoes_em_massa_na_empresa_em_que_trabalho,,,17.0,,1.0,,,1.0,,,3.0,,4.0,6.0,2.0,,,4.0,1.0,1.0,4.0,False,False,False,28vyzbox3d2utoqbat28vyzbe5mgf8bn,,2023
4583893e971e49c99b87b7be28db7be6954b3e18643804419baa6d342ed2ff3a,4d95e550b47c0122,,,757645cf0ac935b1,cbb8b78dc192f1be,d68d5f833235fe5f,fe3df6ab57602796,0569ab4f29228b28,9de61584ed97694c,67d183cf4199ecb9,2023-2024,Parda,Nao,22-24,23,3500.5,True,False,True,True,,,True,False,True,Nao_e_uma_iniciativa_que_estamos_focando_e_nao_tem_sido_uma_prioridade.,"Sim,_ocorreram_layoffs/demissoes_em_massa_na_empresa_em_que_trabalho_mas_nao_fui_afetado",,,,,,2.0,1.0,,6.0,1.0,3.0,,,,,,,2.0,,,,True,True,False,2a92s2plzfxogwe2a93qmnjcohh9bmzg,,2023
6dc1f4ca81b480784b5ce6a393124822d8cd432bd042aae6e6f2d1a7c652a374,a0f949497a74dde0,,,4624962e6e79d5fb,cbb8b78dc192f1be,7412d326cc0f334b,,0569ab4f29228b28,9de61584ed97694c,e25c1203a442e6ba,2023-2024,Branca,Nao,50-54,50,7000.5,True,False,True,True,,,False,False,True,"Mais_ou_menos..._E_uma_das_varias_iniciativas_que_estamos_impulsionando,_mas_nao_e_uma_prioridade_(tratam-se_de_iniciativas_isoladas_e_com_pouco_foco).",Nao_ocorreram_layoffs/demissoes_em_massa_na_empresa_em_que_trabalho,,,,,,3.0,0.0,,4.0,,3.0,,,,,,,1.0,,,,True,True,False,2ai74ipsgl1gk1p9so2ai74i70uwvq3l,,2023
5a9937f263ad99bc79647d87bb85c2b44ddf1d45c8f3961b232fb41d477373c9,f5aeb0b6798a7470,e6a628f18955ffc3,ecc6252a91d769cd,5835bc43ea92d4c5,cbb8b78dc192f1be,43eba83eee969f1e,a8345d98542c8fcb,3274ca06d4c94bff,982900b1b6b3c126,d95903abcbe2576f,2023-2024,Branca,Nao,25-29,25,10000.5,False,False,True,False,,,True,False,True,,"Sim,_ocorreram_layoffs/demissoes_em_massa_na_empresa_em_que_trabalho_mas_nao_fui_afetado",,7.0,,,3.0,,,1.0,,,3.0,,1.0,5.0,2.0,2.0,,2.0,1.0,1.0,1.0,True,False,False,2bv2h8lgdnc4sw378l8re4m82bv2h8lg,,2023
aefdec7439d7890fd8eea1f03a09a133e8af74910ae22297a8c6fb4b8e19ec5b,7c06efd88710f54f,22254c459c370bc8,55cdc119d607e551,db2fc8aea5e4d81c,cbb8b78dc192f1be,2833afa24eae7ac7,fe3df6ab57602796,0569ab4f29228b28,f719efb91c5dbcd8,5cc11ce5bfb49a2b,2023-2024,Branca,Nao,30-34,30,1500.5,False,False,True,False,,,False,False,True,,Nao_ocorreram_layoffs/demissoes_em_massa_na_empresa_em_que_trabalho,,6.0,,,6.0,,,0.0,,,3.0,,3.0,2.0,1.0,3.0,,4.0,1.0,1.0,3.0,True,False,False,2cmdahu7hiwj9711j9k02cmdaq0sw85j,,2023
d7242ea94c00fd23ec4d424acf4044dc36985667c64cb1515e893775d5ae6d42,0df9e03357ae3a2b,c2746be945b965d3,92613a8f434050ae,78dcf54c346ca653,cbb8b78dc192f1be,a7d05515eec02b7a,f8f6d420549b37fb,c9ed1c765640c18d,2048c036bd9b18b5,940f48d40481453d,2023-2024,Branca,Nao,25-29,28,14000.5,False,False,True,False,,,True,False,True,,"Sim,_ocorreram_layoffs/demissoes_em_massa_na_empresa_em_que_trabalho_mas_nao_fui_afetado",,,9.0,,2.0,,,2.0,,,3.0,,1.0,4.0,2.0,3.0,,5.0,1.0,2.0,1.0,True,False,False,2hyq6ticv3pgnvp5rxh2hyqig5ogr2u0,,2023
d19b151f655c6170cc2334f9abb7cc94b594cee8c66e24a086a874726dcd3848,667e1c97e3c6f471,c518a4f98887a30b,92613a8f434050ae,0e1e984e5bd7c32f,cbb8b78dc192f1be,43eba83eee969f1e,936382867105808c,c9ed1c765640c18d,2048c036bd9b18b5,e25c1203a442e6ba,2023-2024,Branca,Nao,30-34,34,7000.5,False,False,True,True,,,False,False,True,,Nao_ocorreram_layoffs/demissoes_em_massa_na_empresa_em_que_trabalho,,6.0,,,2.0,,,1.0,,,1.0,,1.0,4.0,1.0,,,2.0,1.0,2.0,1.0,True,False,False,2ihu5tttxdcvhk22jtr2ihu5tdpqpnpo,,2023
60682e9b50da2778f388d880fd3fb2a5a99d8cf24755f12f95f19b5a5509f69c,f5aeb0b6798a7470,c518a4f98887a30b,ecc6252a91d769cd,f5904cf7a1231a7a,cbb8b78dc192f1be,2833afa24eae7ac7,fe3df6ab57602796,7e9f6dc0fde56d40,9de61584ed97694c,fe70e8c8015640e1,2023-2024,Branca,Nao,25-29,28,2500.5,False,False,True,True,,,True,False,True,,"Sim,_ocorreram_layoffs/demissoes_em_massa_na_empresa_em_que_trabalho_mas_nao_fui_afetado",,6.0,,,4.0,,,1.0,,,3.0,,1.0,5.0,1.0,,,2.0,1.0,1.0,1.0,True,False,False,2jr4cgmqyt1o84wtzbr2jr4c6la8b9gx,,2023
d7a0610d60fb736937af75e8e9b6d21e158690a5e7f7042a5eaec0f469f0db2d,f5aeb0b6798a7470,bc49c018363808cc,55cdc119d607e551,0e1e984e5bd7c32f,cbb8b78dc192f1be,43eba83eee969f1e,a8345d98542c8fcb,c9ed1c765640c18d,2048c036bd9b18b5,940f48d40481453d,2023-2024,Branca,Nao,25-29,26,14000.5,False,False,True,True,False,True,False,False,True,,Nao_ocorreram_layoffs/demissoes_em_massa_na_empresa_em_que_trabalho,,,,7.0,1.0,,,1.0,,,3.0,,3.0,4.0,4.0,,,2.0,1.0,1.0,2.0,True,False,True,2legj72v2vyh51r9f2legj72xkme7db7,,2023
69ad26900576eafa4e490085ff071f52d20a16ba25a506b276e1d747812962ec,294763754a8efd4c,c2746be945b965d3,92613a8f434050ae,78dcf54c346ca653,cbb8b78dc192f1be,a7d05515eec02b7a,fe3df6ab57602796,c9ed1c765640c18d,2de7e75800b84bf1,e25c1203a442e6ba,2023-2024,Parda,Nao,30-34,30,7000.5,False,False,True,True,,,True,False,True,,"Sim,_ocorreram_layoffs/demissoes_em_massa_na_empresa_em_que_trabalho_mas_nao_fui_afetado",,,10.0,,1.0,,,1.0,,1.0,3.0,,1.0,4.0,2.0,,,2.0,1.0,1.0,1.0,True,False,False,2p1chsfehb8oo8m2p1chsypsxlf079j3,,2023
cb77323b38ea94622685a8374aecd5607731509cfd877e1b1169cfb4fd938df0,667e1c97e3c6f471,,,78dcf54c346ca653,f3602ece1606872c,2833afa24eae7ac7,fe3df6ab57602796,c9ed1c765640c18d,9de61584ed97694c,fe70e8c8015640e1,2023-2024,Branca,Nao,22-24,23,2500.5,True,False,True,False,,,False,False,True,Nao_e_uma_iniciativa_que_estamos_focando_e_nao_tem_sido_uma_prioridade.,Nao_ocorreram_layoffs/demissoes_em_massa_na_empresa_em_que_trabalho,,,,,,1.0,1.0,,5.0,1.0,3.0,,,,,0.0,,1.0,,,,True,True,False,2rphbrg30zr8wy2qfel72rphbrvrdg87,,2023
a6ec284e5175550ba77267811e82380ddb8aa359aef938e982f19e18ec2d7a80,f5aeb0b6798a7470,,,,f3602ece1606872c,2833afa24eae7ac7,a8345d98542c8fcb,,,,2023-2024,Branca,Nao,35-39,38,,,False,True,,,,,,True,,,,,,,,,,,,1.0,,,,,,,,,,,,,False,False,2tovlrslzbrk53dlz8ca6c2tovlrvcik,,2023
b7cb1b85b03eef600feeca2f461965f1649dfd6af03cfb8498b6fc9bd4e92545,c3972ccd73541907,bc49c018363808cc,92613a8f434050ae,0e1e984e5bd7c32f,cbb8b78dc192f1be,43eba83eee969f1e,a8345d98542c8fcb,3274ca06d4c94bff,2048c036bd9b18b5,c142a48bfad4a258,2023-2024,Branca,Nao,30-34,30,18000.5,False,False,True,True,True,True,True,False,True,,"Sim,_ocorreram_layoffs/demissoes_em_massa_na_empresa_em_que_trabalho_mas_nao_fui_afetado",,,,7.0,5.0,,,2.0,,,3.0,,1.0,4.0,2.0,,,2.0,1.0,2.0,1.0,True,False,True,2uxn1svv5ili7yix576vz4tbuixepiyi,,2023
11e4dbe0d9c0a8d4dd241c05ae948dabe917a0ffd6c431fd3af8891f8cf7b153,409521f02c8b29bd,,,,f3602ece1606872c,d68d5f833235fe5f,a8345d98542c8fcb,,,,2023-2024,Preta,Nao,22-24,22,,,False,True,,,,,,True,,,,,,,,,,,,2.0,,,,,,,2.0,,,,,,False,False,2vjsqirr9zmo3zvjc2vjsq8lgkcvs15g,,2023
66dc217afbd9dc3a92c9b8af47276f3efd5b667a2a703ec4fb3e6442de9d37de,f5aeb0b6798a7470,bc49c018363808cc,92613a8f434050ae,dbb936c8c1ffecd9,cbb8b78dc192f1be,d68d5f833235fe5f,a8345d98542c8fcb,7e9f6dc0fde56d40,2de7e75800b84bf1,d95903abcbe2576f,2023-2024,Amarela,Nao,30-34,31,10000.5,False,False,True,True,True,True,True,False,True,,"Sim,_ocorreram_layoffs/demissoes_em_massa_na_empresa_em_que_trabalho_mas_nao_fui_afetado",,,,10.0,2.0,,,1.0,,1.0,3.0,,2.0,5.0,2.0,,,2.0,1.0,1.0,2.0,True,False,True,2wyhilwy4huppj8x2sc7j2wyhilgpwkq,,2023
c27aa0e6d01e7450a6feaa4e3655de9160652559413629f81e55e367effeda47,0df9e03357ae3a2b,e6a628f18955ffc3,92613a8f434050ae,4e117ea5e7a4c94d,cbb8b78dc192f1be,43eba83eee969f1e,fe3df6ab57602796,c9ed1c765640c18d,71501c7534d01a7c,940f48d40481453d,2023-2024,Branca,Nao,35-39,35,14000.5,False,False,True,False,False,False,True,False,False,,"Sim,_ocorreram_layoffs/demissoes_em_massa_na_empresa_em_que_trabalho_mas_nao_fui_afetado",,,,11.0,5.0,,,1.0,,,3.0,,2.0,5.0,2.0,1.0,,2.0,1.0,1.0,2.0,False,False,True,2ype6t65s9qbjj4xqs2ype3tp9cfmwwf,,2023
909f964d108051b66e10f3f08746911ce28d61b0904986ba85d663b6cebe64f7,f5aeb0b6798a7470,,,0e1e984e5bd7c32f,cbb8b78dc192f1be,45257b7dd1c84b75,fe3df6ab57602796,7e9f6dc0fde56d40,b8ec533185a2aae8,53da782f7c8647e0,2023-2024,Parda,Nao,30-34,34,40001.0,True,False,True,True,,,True,False,True,"Mais_ou_menos..._E_uma_das_varias_iniciativas_que_estamos_impulsionando,_mas_nao_e_uma_prioridade_(tratam-se_de_iniciativas_isoladas_e_com_pouco_foco).","Sim,_ocorreram_layoffs/demissoes_em_massa_na_empresa_em_que_trabalho_mas_nao_fui_afetado",,,,,,1.0,3.0,,12.0,1.0,3.0,,,,,,3.0,4.0,,,,True,True,False,309d7qo29cyvmwmo2309d7qrce7l3izd,,2023
1107365f5cb7845170b8fb97e314e4aae462aa87712953d2fcd3e1bc3c251970,f5aeb0b6798a7470,e6a628f18955ffc3,55cdc119d607e551,5835bc43ea92d4c5,cbb8b78dc192f1be,2833afa24eae7ac7,fe3df6ab57602796,c9ed1c765640c18d,2048c036bd9b18b5,85595ffccc905ca5,2023-2024,Parda,Sim,22-24,23,5000.5,False,True,True,True,True,True,False,False,True,,Nao_ocorreram_layoffs/demissoes_em_massa_na_empresa_em_que_trabalho,,,,12.0,4.0,,,1.0,,1.0,3.0,,1.0,4.0,2.0,,,2.0,1.0,2.0,1.0,True,False,True,33jb9wkykjb60fdlq33jb9wmb84rd1fw,,2023
eae7015fedfecc8a55c1147d5adceafa6deea32f9e97847ef4eaac2c5d0c6a9c,f5aeb0b6798a7470,c021be4e9d668511,92613a8f434050ae,460e4e0bd6b3cd1d,cbb8b78dc192f1be,a7d05515eec02b7a,3053d057e7d49d8f,0569ab4f29228b28,b8ec533185a2aae8,940f48d40481453d,2023-2024,Branca,Nao,45-49,46,14000.5,False,False,True,False,,,False,False,True,,Nao_ocorreram_layoffs/demissoes_em_massa_na_empresa_em_que_trabalho,,,14.0,,3.0,,,2.0,,,3.0,,2.0,7.0,5.0,3.0,,2.0,1.0,2.0,2.0,True,False,False,33yadvltac5mgunhnedd33yadxwvxq6e,,2023
5db55dd21e25ac8a23015a4bd27e827293fa3449bb8c9558efb99e7ff8e92507,f5aeb0b6798a7470,,,5835bc43ea92d4c5,cbb8b78dc192f1be,2833afa24eae7ac7,936382867105808c,c9ed1c765640c18d,f719efb91c5dbcd8,77ec651ae4aaf72e,2023-2024,Amarela,Nao,35-39,36,22500.5,True,False,True,False,,,False,False,True,Nao_e_uma_iniciativa_que_estamos_focando_e_nao_tem_sido_uma_prioridade.,Nao_ocorreram_layoffs/demissoes_em_massa_na_empresa_em_que_trabalho,,,,,,3.0,5.0,,5.0,1.0,3.0,,,,,3.0,,1.0,,,,True,True,False,36sdmbz3p9rr0bcd1uzdhlbe336sdmbz,,2023
5abfa29df4ac7d01adcf75c85610fb41909c10a06c384cdf7ed69a36e7052231,0df9e03357ae3a2b,fe17ae5e2eff92b0,55cdc119d607e551,460e4e0bd6b3cd1d,f3602ece1606872c,45257b7dd1c84b75,a8345d98542c8fcb,c9ed1c765640c18d,2048c036bd9b18b5,e25c1203a442e6ba,2023-2024,Branca,Nao,25-29,27,7000.5,False,False,True,False,,,False,False,True,,Nao_ocorreram_layoffs/demissoes_em_massa_na_empresa_em_que_trabalho,,9.0,,,2.0,,,2.0,,1.0,3.0,,2.0,4.0,2.0,3.0,4.0,2.0,1.0,2.0,1.0,True,False,False,3837xzs1e3xhehu9zb8szt3837xzs14h,,2023
092467d3c374f0da2b932441348133f11c5913e58af44e9d738a2a4a4d5d6e86,f5aeb0b6798a7470,,,8d8376636f8ade6f,f3602ece1606872c,2833afa24eae7ac7,fe3df6ab57602796,c9ed1c765640c18d,b8ec533185a2aae8,c142a48bfad4a258,2023-2024,Parda,Nao,30-34,33,18000.5,True,False,True,True,,,False,False,True,"Mais_ou_menos..._E_uma_das_varias_iniciativas_que_estamos_impulsionando,_mas_nao_e_uma_prioridade_(tratam-se_de_iniciativas_isoladas_e_com_pouco_foco).",Nao_ocorreram_layoffs/demissoes_em_massa_na_empresa_em_que_trabalho,,,,,,,7.0,,6.0,1.0,3.0,,,,,,,1.0,,,,True,True,False,396q6xw7y7ehdv539qdgdspnqsmpjqdg,,2023
dadb9820506c3e1bdda975d2842c54b0a0ee465238b8cd1b6308336e5b53d005,f5aeb0b6798a7470,c2746be945b965d3,92613a8f434050ae,e551bb41f4b028d9,cbb8b78dc192f1be,45257b7dd1c84b75,fe3df6ab57602796,7e9f6dc0fde56d40,2de7e75800b84bf1,940f48d40481453d,2023-2024,Branca,Nao,25-29,27,14000.5,False,False,True,False,,,False,False,True,,Nao_ocorreram_layoffs/demissoes_em_massa_na_empresa_em_que_trabalho,,,19.0,,2.0,,,2.0,,,3.0,,2.0,7.0,1.0,2.0,,6.0,1.0,2.0,2.0,True,False,False,39j5vohce3935kvaka39j5k1s11tdnan,,2023
218f6c77b3983a8b461fa14ccca172b1cf8cba2ff6e52e62b1d9ec0ff146bf64,f5aeb0b6798a7470,,,78dcf54c346ca653,cbb8b78dc192f1be,2833afa24eae7ac7,a8345d98542c8fcb,7e9f6dc0fde56d40,2048c036bd9b18b5,53da782f7c8647e0,2023-2024,Branca,Nao,50-54,50,40001.0,True,False,True,True,,,False,False,True,"Sim,_e_nossa_principal_prioridade_como_empresa_(com_foco_executivo_significativo_e_alocacao_de_orcamento_relevante).",Nao_ocorreram_layoffs/demissoes_em_massa_na_empresa_em_que_trabalho,,,,,,,,,,,,,,,,,,,,,,,True,False,3c79gwo98uz3z6mpr3c79gwxaqq22pr4,,2023
e415c0a151d4be9d6d2a55a9c7b08e366d235ab7e5e6d7af70a7afdf85133ebb,f5aeb0b6798a7470,c518a4f98887a30b,ecc6252a91d769cd,dbb936c8c1ffecd9,cbb8b78dc192f1be,43eba83eee969f1e,e48dc30f6cbde6fe,3274ca06d4c94bff,9de61584ed97694c,e25c1203a442e6ba,2023-2024,Branca,Nao,30-34,30,7000.5,False,False,True,True,,,False,False,True,,Nao_ocorreram_layoffs/demissoes_em_massa_na_empresa_em_que_trabalho,,,,,,,,,,,1.0,,,,,,,,,,,,False,False,3g3xzq041odru7l41k93g3xz2jc3wqcw,,2023
73e9fae69ba99015f74de21d75cf7cbdf8e09b22ef3cb6d35f879ac497c53a0b,d68956cd067ac773,c2746be945b965d3,55cdc119d607e551,1f52ebe07a196a36,cbb8b78dc192f1be,43eba83eee969f1e,a8345d98542c8fcb,c9ed1c765640c18d,982900b1b6b3c126,e25c1203a442e6ba,2023-2024,Parda,Nao,30-34,32,7000.5,False,False,True,True,,,True,False,True,,"Sim,_ocorreram_layoffs/demissoes_em_massa_na_empresa_em_que_trabalho_mas_nao_fui_afetado",,11.0,,,3.0,,,1.0,,1.0,3.0,,4.0,7.0,3.0,,,5.0,1.0,1.0,4.0,True,False,False,3gbq39pufi1anz3gboog7nw3ekubo2i4,,2023
7fcbac22409cb35290ad4b52994e51f31a951b6cc9da04d66c290620b3ceb682,f5aeb0b6798a7470,fe17ae5e2eff92b0,ecc6252a91d769cd,4e117ea5e7a4c94d,cbb8b78dc192f1be,2833afa24eae7ac7,3053d057e7d49d8f,7e9f6dc0fde56d40,9de61584ed97694c,85595ffccc905ca5,2023-2024,Preta,Nao,40-44,42,5000.5,False,False,True,True,,,False,False,True,,Nao_ocorreram_layoffs/demissoes_em_massa_na_empresa_em_que_trabalho,,8.0,,,1.0,,,1.0,,2.0,3.0,,3.0,4.0,3.0,,5.0,2.0,1.0,1.0,2.0,True,False,False,3ho7xa2ighvbwqkgjex3ho7osihco90f,,2023
9c23e998f8714f7bd0a6991b0719b8031dde6a089d7ff4a236867f513df60ba1,4a3161bbf086290c,,,8d8376636f8ade6f,cbb8b78dc192f1be,2833afa24eae7ac7,fe3df6ab57602796,0569ab4f29228b28,b8ec533185a2aae8,77ec651ae4aaf72e,2023-2024,Branca,Nao,40-44,41,22500.5,True,False,True,True,,,True,False,True,"Mais_ou_menos..._E_uma_das_varias_iniciativas_que_estamos_impulsionando,_mas_nao_e_uma_prioridade_(tratam-se_de_iniciativas_isoladas_e_com_pouco_foco).","Sim,_ocorreram_layoffs/demissoes_em_massa_na_empresa_em_que_trabalho_mas_nao_fui_afetado",,,,,,2.0,6.0,,7.0,,3.0,,,,,,,2.0,,,,True,True,False,3i9l4ovdnjhdp2k3u9acf23ur3i9l4ov,,2023
c6141e66be8e4e19fe9cc24350afb655cd2c93913ba38d7bfeed5b9f5c8a6a71,c3972ccd73541907,c2746be945b965d3,ecc6252a91d769cd,db2fc8aea5e4d81c,f3602ece1606872c,d68d5f833235fe5f,fe3df6ab57602796,c9ed1c765640c18d,9de61584ed97694c,fe70e8c8015640e1,2023-2024,Branca,Nao,22-24,23,2500.5,False,False,True,True,True,True,False,False,True,,Nao_ocorreram_layoffs/demissoes_em_massa_na_empresa_em_que_trabalho,,,,4.0,1.0,,,1.0,,1.0,3.0,,3.0,5.0,2.0,,9.0,2.0,1.0,1.0,2.0,True,False,True,3iaufofa2hob1ncmdi23iaufod4oa5bn,,2023
231bea2fe9faaa96a64137900a4ef0b99ab7386b3c00926fe9acce3ec0723e92,667e1c97e3c6f471,dbb936c8c1ffecd9,ecc6252a91d769cd,db2fc8aea5e4d81c,f3602ece1606872c,43eba83eee969f1e,6b531d47cff93c33,0569ab4f29228b28,f719efb91c5dbcd8,85595ffccc905ca5,2023-2024,Branca,Nao,30-34,34,5000.5,False,False,True,False,,,False,False,True,,Nao_ocorreram_layoffs/demissoes_em_massa_na_empresa_em_que_trabalho,,,,,2.0,,,1.0,,1.0,3.0,,1.0,3.0,0.0,2.0,9.0,2.0,1.0,1.0,1.0,False,False,False,3li8keypux9w09wojz452ru3i3li8ke9,,2023
8e292a15630fb41780c07fad4f8fbe667a59379ede1ba3ae9b5d7459fbdc363e,86a7f47b333770c6,dbb936c8c1ffecd9,ecc6252a91d769cd,0a59d734aa225a41,cbb8b78dc192f1be,d68d5f833235fe5f,fe3df6ab57602796,0569ab4f29228b28,f719efb91c5dbcd8,634713c5044826b2,2023-2024,Preta,Nao,22-24,22,500.0,False,False,True,False,,,False,False,True,,Nao_ocorreram_layoffs/demissoes_em_massa_na_empresa_em_que_trabalho,,,,,2.0,,,1.0,,1.0,3.0,,1.0,2.0,0.0,1.0,,2.0,1.0,1.0,1.0,True,False,False,3nk427u274e6exs47v3nk427fp39ue55,,2023
c6f93a961c9892dbc9830087f0a328e85791b75d2f7e04a087919419db337b6a,ce344a418127968f,,,f5904cf7a1231a7a,cbb8b78dc192f1be,43eba83eee969f1e,fe3df6ab57602796,3274ca06d4c94bff,0e2cf1c49e48255b,940f48d40481453d,2023-2024,Branca,Nao,25-29,27,14000.5,True,False,True,True,,,False,False,True,Nao_e_uma_iniciativa_que_estamos_focando_e_nao_tem_sido_uma_prioridade.,Nao_ocorreram_layoffs/demissoes_em_massa_na_empresa_em_que_trabalho,,,,,,2.0,3.0,,9.0,,2.0,,,,,,,2.0,,,,True,True,False,3nt20c7u47lj3uax8k86r3nt20c7rves,,2023
4348feccd310d022f415f1c7377c24814e64f8ea8ab06add9e6035f1fd533841,0df9e03357ae3a2b,cb6d01a5d97e4b3e,92613a8f434050ae,db2fc8aea5e4d81c,f3602ece1606872c,45257b7dd1c84b75,a8345d98542c8fcb,c9ed1c765640c18d,2048c036bd9b18b5,d95903abcbe2576f,2023-2024,Parda,Nao,35-39,35,10000.5,False,False,True,True,,,True,True,True,,"Sim,_ocorreram_layoffs/demissoes_em_massa_na_empresa_em_que_trabalhava_e_eu_fui_afetado",,,,,4.0,,,1.0,,1.0,3.0,,3.0,5.0,0.0,,5.0,3.0,1.0,1.0,3.0,True,False,False,3p99vjxopnaqs3p99vj4w3rw09p57tk0,,2023
ded128e4ea98a7980624113c82a73a4a7ca5c35ebf70fe7a040bf3684603ac1e,f5aeb0b6798a7470,,,0e1e984e5bd7c32f,f3602ece1606872c,45257b7dd1c84b75,6b531d47cff93c33,7e9f6dc0fde56d40,2de7e75800b84bf1,38f8b03d1890969c,2023-2024,Branca,Nao,30-34,31,27500.5,True,False,True,True,,,False,False,True,"Sim,_e_nossa_principal_prioridade_como_empresa_(com_foco_executivo_significativo_e_alocacao_de_orcamento_relevante).",Nao_ocorreram_layoffs/demissoes_em_massa_na_empresa_em_que_trabalho,,,,,,2.0,3.0,,12.0,1.0,3.0,,,,,,4.0,5.0,,,,True,True,False,3uyk5zyuzhz9jr23uygzhn24kh2vnr9f,,2023
a9515421feac13db2a1a14946324c23ac032118d76e9ec4757b744688c9f7ae4,f5aeb0b6798a7470,,,,cbb8b78dc192f1be,2833afa24eae7ac7,a8345d98542c8fcb,,,,2023-2024,Branca,Nao,25-29,25,,,False,True,,,,,,True,,,,,,,,,,,,,,,,,,,,,,,,,False,False,3x07i1lz3gg4cimrvpelh3x07i1laq0t,,2023
60d6b9dc8c972af0ead5e7fe76f33b3c919ecef9fe8f5d936c369727254a887c,6f496e9738ca13d1,e6a628f18955ffc3,55cdc119d607e551,0e1e984e5bd7c32f,cbb8b78dc192f1be,2833afa24eae7ac7,fe3df6ab57602796,c9ed1c765640c18d,2048c036bd9b18b5,d95903abcbe2576f,2023-2024,Parda,Nao,30-34,30,10000.5,False,False,True,False,True,True,True,True,True,,"Sim,_ocorreram_layoffs/demissoes_em_massa_na_empresa_em_que_trabalhava_e_eu_fui_afetado",,,,10.0,9.0,,,1.0,,1.0,3.0,,1.0,6.0,2.0,1.0,3.0,2.0,1.0,1.0,1.0,False,False,True,3xj6s4ih2p82333xjryt4o9q2iwousmm,,2023
3694409418f87e5cc468cdee417c0b986b2d7a6d7ec01725043e6953cdb1019c,0df9e03357ae3a2b,e6a628f18955ffc3,55cdc119d607e551,0a59d734aa225a41,cbb8b78dc192f1be,d68d5f833235fe5f,fe3df6ab57602796,c9ed1c765640c18d,2048c036bd9b18b5,85595ffccc905ca5,2023-2024,Branca,Nao,22-24,22,5000.5,False,False,True,True,True,True,True,False,True,,"Sim,_ocorreram_layoffs/demissoes_em_massa_na_empresa_em_que_trabalho_mas_nao_fui_afetado",,,,8.0,3.0,,,1.0,,,3.0,,1.0,7.0,2.0,,,2.0,1.0,1.0,1.0,True,False,True,404u60c8b88p6756gbbm30h404u60c83,,2023
e4917575b23ad12f3b6d8638d33fbbb96888fff782c05dfb796414f704313203,294763754a8efd4c,,,dbb936c8c1ffecd9,cbb8b78dc192f1be,d68d5f833235fe5f,e48dc30f6cbde6fe,0569ab4f29228b28,9de61584ed97694c,5cc11ce5bfb49a2b,2023-2024,Parda,Nao,50-54,50,1500.5,True,False,True,True,,,False,False,True,"Sim,_e_nossa_principal_prioridade_como_empresa_(com_foco_executivo_significativo_e_alocacao_de_orcamento_relevante).",Nao_ocorreram_layoffs/demissoes_em_massa_na_empresa_em_que_trabalho,,,,,,0.0,0.0,,1.0,1.0,1.0,,,,,,,1.0,,,,True,True,False,40kbfdrhmmaq3ka40kxdtcsqjtz5zjpk,,2023
9c061cd28e2eecfb6b34f5d205878f169fdd55d7e4da3f07dcf4568a1c469b0f,f5aeb0b6798a7470,e6a628f18955ffc3,55cdc119d607e551,a4ae60a328c87d96,cbb8b78dc192f1be,43eba83eee969f1e,fe3df6ab57602796,7e9f6dc0fde56d40,2048c036bd9b18b5,e25c1203a442e6ba,2023-2024,Branca,Nao,40-44,42,7000.5,False,False,True,True,True,False,False,False,True,,Nao_ocorreram_layoffs/demissoes_em_massa_na_empresa_em_que_trabalho,,,,9.0,5.0,,,1.0,,,3.0,,2.0,6.0,2.0,,,5.0,,1.0,2.0,True,False,True,42y2xjw726e2rbgrvxuo42y2xrdi3o3s,,2023
720e36f22ec92c1f3cfad5bcfea76045988e11892e96915075c1ac60381d3ff6,6f496e9738ca13d1,77c9599a34f7fad8,55cdc119d607e551,460e4e0bd6b3cd1d,cbb8b78dc192f1be,45257b7dd1c84b75,fe3df6ab57602796,3274ca06d4c94bff,2048c036bd9b18b5,d95903abcbe2576f,2023-2024,Parda,Nao,30-34,33,10000.5,False,False,True,False,,,False,False,False,,Nao_ocorreram_layoffs/demissoes_em_massa_na_empresa_em_que_trabalho,,,,,2.0,,,1.0,,1.0,3.0,,1.0,3.0,5.0,1.0,,2.0,1.0,1.0,1.0,True,False,False,43qdi5h25p5f7m1h5sq4t43qdi5hugxm,,2023
021011b8ad141b03065c5e83cadce47509184b23b3c417372a1b669ab483d5d1,f5aeb0b6798a7470,,,4e117ea5e7a4c94d,cbb8b78dc192f1be,a7d05515eec02b7a,6b531d47cff93c33,0569ab4f29228b28,71501c7534d01a7c,d95903abcbe2576f,2023-2024,Branca,Nao,30-34,33,10000.5,True,False,True,True,,,False,False,False,Nao_e_uma_iniciativa_que_estamos_focando_e_nao_tem_sido_uma_prioridade.,Nao_ocorreram_layoffs/demissoes_em_massa_na_empresa_em_que_trabalho,,,,,,2.0,1.0,,12.0,,3.0,,,,,,,2.0,,,,True,True,False,44p5d9v206wosz44pulmsr71b4hq0gza,,2023
1193375a4153863378d082013ad40d12c576ab1c11d2d417f05c9a9d6f96b888,667e1c97e3c6f471,,,5835bc43ea92d4c5,cbb8b78dc192f1be,2833afa24eae7ac7,a8345d98542c8fcb,c9ed1c765640c18d,2048c036bd9b18b5,940f48d40481453d,2023-2024,Branca,Nao,25-29,27,14000.5,True,False,True,True,,,False,False,True,"Sim,_esta_entre_nossas_principais_prioridades_para_os_proximos_2-4_anos_(com_discussoes_de_iniciativas_e_orcamentos_de_curto_a_medio_prazo).",Nao_ocorreram_layoffs/demissoes_em_massa_na_empresa_em_que_trabalho,,,,,,1.0,7.0,,10.0,,3.0,,,,,,,3.0,,,,True,True,False,4a76k59f92958nws9bn94a76k5cqezmr,,2023
e607c5bf04224ff828b72e2d818abcb8a61d517cd2873c80fd61e61371821f5d,f5aeb0b6798a7470,fe17ae5e2eff92b0,ecc6252a91d769cd,78dcf54c346ca653,f3602ece1606872c,43eba83eee969f1e,936382867105808c,c9ed1c765640c18d,982900b1b6b3c126,85595ffccc905ca5,2023-2024,Amarela,Nao,25-29,28,5000.5,False,False,True,True,False,True,False,False,True,,Nao_ocorreram_layoffs/demissoes_em_massa_na_empresa_em_que_trabalho,,,,3.0,2.0,,,3.0,,1.0,3.0,,1.0,4.0,2.0,,2.0,2.0,1.0,3.0,1.0,True,False,True,4d7c07vjgv8zq2r25ec4d7c07vjhdfck,,2023
6649d306d18c3882f38aa2ad7a55bc27d5f6a1b61f4c4e6786f2cee2f8a2ea69,f5aeb0b6798a7470,fe17ae5e2eff92b0,92613a8f434050ae,0e1e984e5bd7c32f,cbb8b78dc192f1be,45257b7dd1c84b75,936382867105808c,3274ca06d4c94bff,2de7e75800b84bf1,c142a48bfad4a258,2023-2024,Branca,Nao,30-34,34,18000.5,False,False,True,False,True,True,False,False,True,,Nao_ocorreram_layoffs/demissoes_em_massa_na_empresa_em_que_trabalho,,,,6.0,2.0,,,1.0,,,1.0,,3.0,7.0,3.0,1.0,,3.0,1.0,1.0,3.0,True,False,True,4izfd6wepy9094izfay1w4dhru95kb0a,,2023
60efb3b1e366b1c84ee9bee57962de0b4b8247fcc5aac3a410c931abb04682ed,f5aeb0b6798a7470,,,,cbb8b78dc192f1be,d68d5f833235fe5f,fe3df6ab57602796,,,,2023-2024,Branca,Nao,17-21,20,,,False,True,,,,,,True,,,,,,,,,,,,,,,,,,,,,,,,,False,False,4jo8s5ekpo4790044gt94kdsfd84alg4,,2023
6583b0d3407b8a87ba81d1664d8d4bce0a188f53c73868c69010d0ee94d8a10d,d68956cd067ac773,f4309b3f4ebdc8d0,55cdc119d607e551,757645cf0ac935b1,cbb8b78dc192f1be,2833afa24eae7ac7,a8345d98542c8fcb,0569ab4f29228b28,2048c036bd9b18b5,85595ffccc905ca5,2023-2024,Branca,Nao,25-29,25,5000.5,False,False,True,False,,,False,False,True,,Nao_ocorreram_layoffs/demissoes_em_massa_na_empresa_em_que_trabalho,,13.0,,,2.0,,,1.0,,,3.0,,3.0,7.0,2.0,2.0,,2.0,1.0,1.0,3.0,True,False,False,4s9zcpz6wlky04s92pf6wxbq5z9zivqo,,2023
1711ee1d55025d2ee81dbeed15d2ba4b3f7194f1ed8c4c96c9b5955a321cd0b8,f5aeb0b6798a7470,,,78dcf54c346ca653,cbb8b78dc192f1be,45257b7dd1c84b75,f8f6d420549b37fb,c9ed1c765640c18d,2048c036bd9b18b5,38f8b03d1890969c,2023-2024,Branca,Nao,35-39,38,27500.5,True,False,True,True,,,True,True,True,Nao_sei_opinar_sobre_esse_assunto.,"Sim,_ocorreram_layoffs/demissoes_em_massa_na_empresa_em_que_trabalhava_e_eu_fui_afetado",,,,,,0.0,2.0,,5.0,,3.0,,,,,,,1.0,,,,True,True,False,4vf5013m26g7sd4vf5qc2pqb85205y01,,2023
f227663c3b20f2fa5bfe43a9007a447a812a2d452c05131f36cd8caabfa66367,0df9e03357ae3a2b,fe17ae5e2eff92b0,ecc6252a91d769cd,5835bc43ea92d4c5,f3602ece1606872c,d68d5f833235fe5f,fe3df6ab57602796,c9ed1c765640c18d,9de61584ed97694c,fe70e8c8015640e1,2023-2024,Branca,Nao,25-29,28,2500.5,False,False,True,True,,,False,False,True,,Nao_ocorreram_layoffs/demissoes_em_massa_na_empresa_em_que_trabalho,,4.0,,,1.0,,,1.0,,1.0,3.0,,1.0,2.0,2.0,,3.0,2.0,1.0,1.0,1.0,True,False,False,4yoz02gppevhi6aitidz354yoz02wjv1,,2023
63de81e7928fc83e2b432807cba51e14b9c8a61304c2685c0d458c38984b2fe2,f031b70a2653be44,c2746be945b965d3,92613a8f434050ae,78dcf54c346ca653,cbb8b78dc192f1be,45257b7dd1c84b75,936382867105808c,c9ed1c765640c18d,2048c036bd9b18b5,d95903abcbe2576f,2023-2024,Branca,Nao,25-29,29,10000.5,False,False,True,True,,,False,False,True,,Nao_ocorreram_layoffs/demissoes_em_massa_na_empresa_em_que_trabalho,,,16.0,,2.0,,,1.0,,,3.0,,1.0,6.0,2.0,,,2.0,1.0,1.0,1.0,True,False,False,50q5fzml15iq7j50qk5d5rar5eceixf8,,2023
45aefba65d1875dbdc217d81b4535c51f8921de73ab90776bd8ea39733353f36,294763754a8efd4c,c518a4f98887a30b,ecc6252a91d769cd,757645cf0ac935b1,cbb8b78dc192f1be,d68d5f833235fe5f,936382867105808c,0569ab4f29228b28,9de61584ed97694c,634713c5044826b2,2023-2024,Parda,Nao,17-21,20,500.0,False,False,True,True,,,False,False,True,,Nao_ocorreram_layoffs/demissoes_em_massa_na_empresa_em_que_trabalho,,6.0,,,2.0,,,1.0,,1.0,3.0,,2.0,5.0,1.0,,,2.0,1.0,2.0,2.0,True,False,False,51833rvvxf3surusk51833rrek715jv2,,2023
b616fc26412add8e88f2548526f9e3b5ba1e95a6b0c773e4352f0ed709e10b70,f5aeb0b6798a7470,c518a4f98887a30b,55cdc119d607e551,e98c69c2254daa93,cbb8b78dc192f1be,2833afa24eae7ac7,fe3df6ab57602796,3274ca06d4c94bff,2048c036bd9b18b5,e25c1203a442e6ba,2023-2024,Branca,Nao,25-29,27,7000.5,False,False,True,True,,,False,False,True,,Nao_ocorreram_layoffs/demissoes_em_massa_na_empresa_em_que_trabalho,,9.0,,,3.0,,,0.0,,,3.0,,1.0,4.0,3.0,,,3.0,1.0,1.0,1.0,True,False,False,51urkl62htbzdun40bnm73iw51urkl62,,2023
07c581d9fd0dba84f6819e880f98eddf5412a8dc0690bbc33965f9a38d55cb97,f5aeb0b6798a7470,c2746be945b965d3,92613a8f434050ae,78dcf54c346ca653,cbb8b78dc192f1be,43eba83eee969f1e,936382867105808c,0569ab4f29228b28,71501c7534d01a7c,c142a48bfad4a258,2023-2024,Branca,Nao,25-29,29,18000.5,False,False,True,True,,,True,True,False,,"Sim,_ocorreram_layoffs/demissoes_em_massa_na_empresa_em_que_trabalhava_e_eu_fui_afetado",,,17.0,,3.0,,,1.0,,,3.0,,3.0,7.0,2.0,,,2.0,1.0,1.0,3.0,True,False,False,51y72sebjacpjksiofacfzdlb51y7x6p,,2023
93a2e9d1c07400d533a7cfae8ead7d56e5e2596e485f920798727e5149b2904b,f5aeb0b6798a7470,,,,f3602ece1606872c,d68d5f833235fe5f,fe3df6ab57602796,,,,2023-2024,Parda,Nao,35-39,37,,,False,True,,,,,,True,,,,,,,,,,,,1.0,,,,,,,,,,,,,False,False,590s9qqvog0rp9i6p49kjnf590s9qqvh,,2023
88ff96f9a0218025bc72f174a2af4a3431ee6f78d4ca7684b61a9b735bdcf5ec,6f496e9738ca13d1,fe17ae5e2eff92b0,ecc6252a91d769cd,0e1e984e5bd7c32f,cbb8b78dc192f1be,d68d5f833235fe5f,a8345d98542c8fcb,c9ed1c765640c18d,982900b1b6b3c126,67d183cf4199ecb9,2023-2024,Branca,Nao,25-29,26,3500.5,False,False,True,True,,,False,False,True,,Nao_ocorreram_layoffs/demissoes_em_massa_na_empresa_em_que_trabalho,,,12.0,,1.0,,,2.0,,,3.0,,1.0,4.0,2.0,,,2.0,1.0,2.0,1.0,True,False,False,59bx3m3j1aa9964ywf59bx3pwr3wb3me,,2023
3d9415b39dd09ab729fa150226cd4d2ca3b94f09e31ab4472c12814956e90603,f5aeb0b6798a7470,,,,f3602ece1606872c,2833afa24eae7ac7,fe3df6ab57602796,,,,2023-2024,Parda,Nao,30-34,30,,,False,True,,,,,,True,,,,,,,,,,,,1.0,,,,,,,5.0,,,,,,False,False,59n4cyll72of56fgv8lz9i59n4ca02or,,2023
0a106f84668d1a3e297de956805637423ba879a847c2686a04d856fcdcf50698,6f496e9738ca13d1,bc49c018363808cc,55cdc119d607e551,dbb936c8c1ffecd9,f3602ece1606872c,43eba83eee969f1e,fe3df6ab57602796,c9ed1c765640c18d,0e2cf1c49e48255b,38f8b03d1890969c,2023-2024,Parda,Nao,25-29,28,27500.5,False,False,True,True,True,True,False,False,True,,Nao_ocorreram_layoffs/demissoes_em_massa_na_empresa_em_que_trabalho,,,,10.0,4.0,,,2.0,,2.0,3.0,,2.0,5.0,2.0,,4.0,2.0,1.0,2.0,1.0,True,False,True,5ak8jx13svk7w9ur9mal5ak8jx1a2n9f,,2023
0c9807444ce5e8561988b05a05a254d42fee3fb5f99efc5fed3670e9d0c7b485,f5aeb0b6798a7470,,,,f3602ece1606872c,d68d5f833235fe5f,f8f6d420549b37fb,,,,2023-2024,Branca,Sim,22-24,23,,,True,True,,,,,,True,,,,,,,,,,,,2.0,,,,,,,5.0,,,,,,False,False,5bnc9b6eeqcimrzm05bnc9yo8cj4bypm,,2023
e50b3c8a3993f90cef6b095a2c43199ab85e6b7f39e85f776c83501ae2dc6edf,f5aeb0b6798a7470,,,78dcf54c346ca653,cbb8b78dc192f1be,2833afa24eae7ac7,936382867105808c,7e9f6dc0fde56d40,b8ec533185a2aae8,53da782f7c8647e0,2023-2024,Parda,Nao,35-39,38,40001.0,True,False,True,True,,,True,False,True,Nao_e_uma_iniciativa_que_estamos_focando_e_nao_tem_sido_uma_prioridade.,"Sim,_ocorreram_layoffs/demissoes_em_massa_na_empresa_em_que_trabalho_mas_nao_fui_afetado",,,,,,1.0,7.0,,10.0,1.0,3.0,,,,,,4.0,1.0,,,,True,True,False,5brxm54w1c6srvjtxwse5brxm545llev,,2023
60c4e8b67e34c14273d3246c2c150bd82f1e131454c6b00d132031da2e7e9868,f5aeb0b6798a7470,bc49c018363808cc,55cdc119d607e551,0e1e984e5bd7c32f,f3602ece1606872c,43eba83eee969f1e,fe3df6ab57602796,3274ca06d4c94bff,982900b1b6b3c126,d95903abcbe2576f,2023-2024,Branca,Nao,25-29,27,10000.5,False,False,True,True,,,False,False,True,,Nao_ocorreram_layoffs/demissoes_em_massa_na_empresa_em_que_trabalho,,9.0,,,8.0,,,1.0,,1.0,3.0,,2.0,6.0,2.0,,,4.0,1.0,1.0,3.0,True,False,False,5czveljggpl15cr5c5oakgxgqv1ch7r2,,2023
e65e5c3f4df96cb79dfa004e4090b426c65cc1c4e73f5d0c9423b75e5e542233,4a3161bbf086290c,c2746be945b965d3,92613a8f434050ae,5835bc43ea92d4c5,cbb8b78dc192f1be,45257b7dd1c84b75,3053d057e7d49d8f,c9ed1c765640c18d,0e2cf1c49e48255b,c142a48bfad4a258,2023-2024,Branca,Nao,25-29,29,18000.5,False,False,True,True,,,False,False,True,,Nao_ocorreram_layoffs/demissoes_em_massa_na_empresa_em_que_trabalho,,,15.0,,5.0,,,1.0,,,3.0,,2.0,7.0,3.0,,,5.0,1.0,1.0,2.0,True,False,False,5dkac7jcdj49ird5dktoxmx92r287o52,,2023
3cd15e936c72bd7ddc8d65da972ede336b4c4656e50b8fe0e6381e33fd7c0429,667e1c97e3c6f471,,,,cbb8b78dc192f1be,d68d5f833235fe5f,fe3df6ab57602796,,,,2023-2024,Branca,Nao,17-21,21,,,False,True,,,,,,True,,,,,,,,,,,,,,,,,,,,,,,,,False,False,5fmpvnjsnu37undi0sh7ox5fmpvvcgnd,,2023
c42be9e0839ff1cd8bcc39ae756fef48cbd20cd98923332e7852c0af305054f4,4a3161bbf086290c,,,0e1e984e5bd7c32f,cbb8b78dc192f1be,45257b7dd1c84b75,3053d057e7d49d8f,c9ed1c765640c18d,b8ec533185a2aae8,c142a48bfad4a258,2023-2024,Branca,Nao,40-44,43,18000.5,True,False,True,True,,,False,False,True,Nao_e_uma_iniciativa_que_estamos_focando_e_nao_tem_sido_uma_prioridade.,Nao_ocorreram_layoffs/demissoes_em_massa_na_empresa_em_que_trabalho,,,,,,,,,,,,,,,,,,,,,,,True,False,5gksia12sypsdhevzk5gks2ua7rr118b,,2023
9585569a5d59f2b832035eac5a9354bf3a0e6e2962a62af67ee09901bbcc9f8d,0df9e03357ae3a2b,dbb936c8c1ffecd9,92613a8f434050ae,e551bb41f4b028d9,cbb8b78dc192f1be,2833afa24eae7ac7,936382867105808c,7e9f6dc0fde56d40,9de61584ed97694c,38f8b03d1890969c,2023-2024,Branca,Nao,40-44,43,27500.5,False,False,True,True,,,False,False,True,,Nao_ocorreram_layoffs/demissoes_em_massa_na_empresa_em_que_trabalho,,,,,1.0,,,1.0,,,3.0,,1.0,3.0,1.0,,,2.0,1.0,1.0,1.0,False,False,False,5kn54gkl2u9c6a0d3h47i15kn54nibqu,,2023
d59871b9d6667b60950dfdd1fcf01735b68e87f8174187c0a847a468e8bea530,667e1c97e3c6f471,c518a4f98887a30b,ecc6252a91d769cd,f5904cf7a1231a7a,cbb8b78dc192f1be,d68d5f833235fe5f,046a83f0313b93ce,c9ed1c765640c18d,982900b1b6b3c126,5cc11ce5bfb49a2b,2023-2024,Branca,Nao,17-21,21,1500.5,False,False,True,True,,,False,False,True,,Nao_ocorreram_layoffs/demissoes_em_massa_na_empresa_em_que_trabalho,,8.0,,,2.0,,,1.0,,,3.0,,3.0,9.0,0.0,,,3.0,1.0,1.0,3.0,True,False,False,5m5i7ssmu1fvoc9c8o0s5m5i7sshuohn,,2023
09c658fe71e78f54a10885bab03ed8a7af5427afcf20f5498ebf618fe2f27c50,32da6721804f1dd3,,,,cbb8b78dc192f1be,2833afa24eae7ac7,a8345d98542c8fcb,,,,2023-2024,Parda,Nao,30-34,34,,,False,True,,,,,,True,,,,,,,,,,,,1.0,,,,,,,,,,,,,False,False,5oi4r28iwcu1h2t46s4rdhwd5oi4r28i,,2023
cf8391bee69c36eb6d4f375484780a6e9cf47bfd9c7b58b63734a6671d61eb79,32da6721804f1dd3,c518a4f98887a30b,ecc6252a91d769cd,0e1e984e5bd7c32f,cbb8b78dc192f1be,d68d5f833235fe5f,fe3df6ab57602796,0569ab4f29228b28,9de61584ed97694c,634713c5044826b2,2024-2025,Branca,Nao,17-21,18,500.0,False,False,True,True,,,False,False,True,,Nao_ocorreram_layoffs/demissoes_em_massa_na_empresa_em_que_trabalho,,4.0,,,1.0,,,1.0,,,2.0,,1.0,3.0,1.0,,,3.0,1.0,1.0,1.0,True,False,False,1zc66g69jjt49y32l1zc66g8wqj79m4e,2024-10-16 20:45:31,2024
b3bc6f55a64eaed51c0efbfd7f32d38464753cb9f6ef4d9694ce59346cdce2cd,4a3161bbf086290c,,,,cbb8b78dc192f1be,d68d5f833235fe5f,fe3df6ab57602796,,,,2024-2025,Branca,Nao,17-21,19,,,False,True,,,,,,True,,,,,,,,,,,,,,,,,,,,,,,,,False,False,vll27ya273djg6vll2082tgfxvpybv82,2024-10-22 11:44:47,2024
d01aa68f11b12f8df9db0fbdc6f8f7d074e332f3ddd2b1562c40a7e3fcd26618,4a3161bbf086290c,,,4aaeee29d0fe6f08,cbb8b78dc192f1be,d68d5f833235fe5f,fe3df6ab57602796,0569ab4f29228b28,f719efb91c5dbcd8,85595ffccc905ca5,2024-2025,Branca,Nao,17-21,19,5000.5,True,False,True,False,,,True,False,True,"Mais_ou_menos..._E_uma_das_varias_iniciativas_que_estamos_impulsionando,_mas_nao_e_uma_prioridade_(tratam-se_de_iniciativas_isoladas_e_com_pouco_foco).","Sim,_ocorreram_layoffs/demissoes_em_massa_na_empresa_em_que_trabalho_mas_nao_fui_afetado",,,,,,1.0,0.0,,5.0,,3.0,3.0,,,,,,1.0,,,,True,True,False,gm8gwyni9s0eamvjkppgm8gwynkbvf0v,2024-10-23 11:45:28,2024
33fc58454f6633d42654a62f41b2fe0ace6b58d96e91b58e988c7ecab17a74f2,667e1c97e3c6f471,c518a4f98887a30b,ecc6252a91d769cd,0e1e984e5bd7c32f,f3602ece1606872c,d68d5f833235fe5f,936382867105808c,0569ab4f29228b28,9de61584ed97694c,634713c5044826b2,2024-2025,Branca,Nao,17-21,19,500.0,False,False,True,True,,,False,False,True,,Nao_ocorreram_layoffs/demissoes_em_massa_na_empresa_em_que_trabalho,,7.0,,,1.0,,,2.0,,1.0,3.0,,1.0,3.0,2.0,,,4.0,1.0,1.0,1.0,True,False,False,2xgrvf83fyzncnmx42xgrvov4rgzzfr6,2024-11-27 17:35:40,2024
688c13dbf11a143607813e8055d1d86ed0dbac1aff7d80e9f61020b3b46693df,0df9e03357ae3a2b,91aaff70ef7b0d7e,ecc6252a91d769cd,dbb936c8c1ffecd9,cbb8b78dc192f1be,7412d326cc0f334b,,7e9f6dc0fde56d40,982900b1b6b3c126,634713c5044826b2,2024-2025,Branca,Nao,17-21,19,500.0,False,False,True,True,,,False,False,True,,Nao_ocorreram_layoffs/demissoes_em_massa_na_empresa_em_que_trabalho,,,,,3.0,,,1.0,,,3.0,,2.0,3.0,4.0,,,5.0,1.0,1.0,2.0,True,False,False,ztw9eidijykkux2zhk7x6lv2mcztw9ei,2024-12-09 14:56:04,2024
299d1ca0fe7855c4c241870a03d33eaa5893a80e1bbf8a736854bb3d72d645f0,f5aeb0b6798a7470,,,,cbb8b78dc192f1be,d68d5f833235fe5f,fe3df6ab57602796,,,,2024-2025,Branca,Nao,17-21,19,,,False,True,,,,,,True,,,,,,,,,,,,,,,,,,,,,,,,,False,False,g9tnu5yjfsfxsprgg9tnuopqpupcm7j6,2024-12-17 15:06:18,2024
6091b151110fc032285a536014a232dc40d584e48b10ffc5c61ba9707ce73efd,f5aeb0b6798a7470,e6a628f18955ffc3,ecc6252a91d769cd,0e1e984e5bd7c32f,cbb8b78dc192f1be,d68d5f833235fe5f,fe3df6ab57602796,7e9f6dc0fde56d40,9de61584ed97694c,67d183cf4199ecb9,2024-2025,Branca,Nao,17-21,20,3500.5,False,False,True,True,True,True,False,False,True,,Nao_ocorreram_layoffs/demissoes_em_massa_na_empresa_em_que_trabalho,,,,11.0,4.0,,,3.0,,,3.0,,1.0,5.0,2.0,,,4.0,1.0,1.0,1.0,True,False,True,xkwhm04nisbjfbxkwd3nfc6z34tb3wre,2024-10-16 13:59:08,2024
26917cec8e40b94c81bdfc7de347cdae9ed85bc98b4a55d13063ecb35ac1d449,f5aeb0b6798a7470,c518a4f98887a30b,55cdc119d607e551,78dcf54c346ca653,cbb8b78dc192f1be,d68d5f833235fe5f,a8345d98542c8fcb,3274ca06d4c94bff,982900b1b6b3c126,85595ffccc905ca5,2024-2025,Branca,Nao,17-21,20,5000.5,False,False,True,True,,,False,False,True,,Nao_ocorreram_layoffs/demissoes_em_massa_na_empresa_em_que_trabalho,,10.0,,,1.0,,,1.0,,,1.0,,5.0,10.0,2.0,,,2.0,1.0,1.0,5.0,True,False,False,vzjxuhy80ejdee7vzjxu14fac7f73l1p,2024-10-21 01:23:51,2024
0ab55228772cb73afa721541a3524a430c1b537b264f15ab891715aef0f735b9,4a3161bbf086290c,dbb936c8c1ffecd9,ecc6252a91d769cd,0a59d734aa225a41,f3602ece1606872c,d68d5f833235fe5f,e48dc30f6cbde6fe,0569ab4f29228b28,f719efb91c5dbcd8,634713c5044826b2,2024-2025,Branca,Nao,17-21,20,500.0,False,False,True,False,,,False,False,True,,Nao_ocorreram_layoffs/demissoes_em_massa_na_empresa_em_que_trabalho,,,,,,,,,,1.0,1.0,1.0,,,,,,,,,,,False,False,ggpw3ffty64ko1ubxo0iggpw3fm7kg1y,2024-10-29 12:34:43,2024
f670e1b421827caafece17f761a377af615f679f218968873f8d69a8683dbca9,84810bfea2375dab,fe17ae5e2eff92b0,ecc6252a91d769cd,69e1b53db3e87dcd,cbb8b78dc192f1be,2833afa24eae7ac7,fe3df6ab57602796,c9ed1c765640c18d,f719efb91c5dbcd8,634713c5044826b2,2024-2025,Parda,Nao,17-21,20,500.0,False,False,True,False,False,False,True,True,True,,"Sim,_ocorreram_layoffs/demissoes_em_massa_na_empresa_em_que_trabalhava_e_eu_fui_afetado",,,,4.0,3.0,,,1.0,,1.0,3.0,3.0,1.0,4.0,1.0,,,2.0,1.0,1.0,1.0,True,False,True,qzmtcyer56uzd1kdtbqzmtc73ii8uhfq,2024-12-02 11:39:04,2024
7534b9aa36d0934adc9af1f6684631ddb4745d7ef361f416e87f5aa26934f265,a0f949497a74dde0,f1d982ec22966a77,ecc6252a91d769cd,78dcf54c346ca653,cbb8b78dc192f1be,d68d5f833235fe5f,fe3df6ab57602796,0569ab4f29228b28,982900b1b6b3c126,67d183cf4199ecb9,2024-2025,Branca,Nao,17-21,20,3500.5,False,False,True,True,,,False,False,True,,Nao_ocorreram_layoffs/demissoes_em_massa_na_empresa_em_que_trabalho,,,13.0,,5.0,,,2.0,,,3.0,,2.0,6.0,3.0,,,2.0,1.0,1.0,2.0,True,False,False,5baoo1fr5nj8lr8gcfmi45baoo16p5m3,2024-12-02 16:54:00,2024
8bab44f157a32e4890c0ca107b6bdac9c74ed5322ce53de370bd1f15d805ecca,f9085bf3a4e33576,,,,cbb8b78dc192f1be,d68d5f833235fe5f,fe3df6ab57602796,,,,2024-2025,Branca,Nao,17-21,20,,,False,True,,,,,,True,,,,,,,,,,,,,,,,,,,,,,,,,False,False,8jp628qq3uylb6a28jp628uygt14uhfs,2024-12-04 20:50:39,2024
de2501aac1ff61708e752710263ad128d3225176d2d4f1a1059dce74785ac66e,f5aeb0b6798a7470,,,,cbb8b78dc192f1be,d68d5f833235fe5f,3053d057e7d49d8f,,,,2024-2025,Branca,Nao,17-21,20,,,False,True,,,,,,True,,,,,,,,,,,,,,,,,,,,,,,,,False,False,hgbljztvs9hlbi5iuhgblj4cu6iy25b9,2024-12-05 03:14:05,2024
1af1f8a1c3b407a86dbae6f3dd7a9333a6e863f9d1383c73e4711855fb3635e9,f5aeb0b6798a7470,fe17ae5e2eff92b0,ecc6252a91d769cd,0e1e984e5bd7c32f,cbb8b78dc192f1be,43eba83eee969f1e,3053d057e7d49d8f,c9ed1c765640c18d,982900b1b6b3c126,67d183cf4199ecb9,2024-2025,Branca,Nao,17-21,20,3500.5,False,False,True,True,,,True,False,True,,"Sim,_ocorreram_layoffs/demissoes_em_massa_na_empresa_em_que_trabalho_mas_nao_fui_afetado",,,15.0,,2.0,,,1.0,,,3.0,,3.0,3.0,2.0,,,2.0,1.0,1.0,3.0,True,False,False,y5c930cf1lyh9iy8dy5c930jyu89i5ql,2024-12-16 12:48:12,2024
1f9936140e499105ef80bd551969bbbfc7a7af323408c81b3717dd784c37c18f,d68956cd067ac773,c518a4f98887a30b,ecc6252a91d769cd,dbb936c8c1ffecd9,cbb8b78dc192f1be,d68d5f833235fe5f,fe3df6ab57602796,c9ed1c765640c18d,2048c036bd9b18b5,5cc11ce5bfb49a2b,2024-2025,Parda,Nao,17-21,21,1500.5,False,False,True,False,,,True,False,True,,"Sim,_ocorreram_layoffs/demissoes_em_massa_na_empresa_em_que_trabalho_mas_nao_fui_afetado",,7.0,,,2.0,,,1.0,,1.0,3.0,2.0,2.0,3.0,2.0,,,2.0,1.0,1.0,2.0,True,False,False,dr06f3alc2ggytdr0sxo601qf5w0sphc,2024-10-14 13:04:48,2024
512c7b3873723b41609a493d172065a98b3a6eaa3451d421e50e0c532117ef9c,4a3161bbf086290c,fe17ae5e2eff92b0,ecc6252a91d769cd,db2fc8aea5e4d81c,f3602ece1606872c,d68d5f833235fe5f,e48dc30f6cbde6fe,c9ed1c765640c18d,982900b1b6b3c126,5cc11ce5bfb49a2b,2024-2025,Branca,Nao,17-21,21,1500.5,False,False,True,False,,,False,False,True,,Nao_ocorreram_layoffs/demissoes_em_massa_na_empresa_em_que_trabalho,,7.0,,,1.0,,,0.0,,1.0,3.0,3.0,1.0,7.0,1.0,,,2.0,1.0,1.0,1.0,True,False,False,l0t72ndst6n4viwv8l0tjw6ohgm3hc53,2024-10-29 12:34:55,2024
8e4e8e1a631853aeb41c6864fff67a7d309970fcd870abe3f8e8ccde53a8c19d,a0f949497a74dde0,fe17ae5e2eff92b0,ecc6252a91d769cd,a4ae60a328c87d96,cbb8b78dc192f1be,d68d5f833235fe5f,3053d057e7d49d8f,0569ab4f29228b28,9de61584ed97694c,5cc11ce5bfb49a2b,2024-2025,Branca,Nao,17-21,21,1500.5,False,False,True,True,,,False,False,True,,Nao_ocorreram_layoffs/demissoes_em_massa_na_empresa_em_que_trabalho,,4.0,,,2.0,,,2.0,,,3.0,,1.0,2.0,2.0,,,2.0,1.0,1.0,2.0,True,False,False,o7mjy47bhxtea5po9wueo7mjy4h6n8bc,2024-10-30 00:36:02,2024
eec4175341f78bc4f46d9e61457b0fb6b3c3e40826e5e2ed55319e2aafe4efb0,667e1c97e3c6f471,fe17ae5e2eff92b0,ecc6252a91d769cd,0e1e984e5bd7c32f,cbb8b78dc192f1be,d68d5f833235fe5f,fe3df6ab57602796,c9ed1c765640c18d,2048c036bd9b18b5,85595ffccc905ca5,2024-2025,Branca,Nao,17-21,21,5000.5,False,False,True,True,,,False,False,True,,Nao_ocorreram_layoffs/demissoes_em_massa_na_empresa_em_que_trabalho,,9.0,,,2.0,,,1.0,,,1.0,,1.0,2.0,2.0,,,2.0,1.0,1.0,1.0,False,False,False,536dgheqiox8h985366ncbbvui5q0625,2024-11-14 14:25:09,2024
685a92cfc7d8aa9875491d28ed0594d89486fbecb02ddbce22600e043c3e8995,d68956cd067ac773,c2746be945b965d3,ecc6252a91d769cd,dbb936c8c1ffecd9,cbb8b78dc192f1be,43eba83eee969f1e,fe3df6ab57602796,c9ed1c765640c18d,982900b1b6b3c126,fe70e8c8015640e1,2024-2025,Branca,Nao,17-21,21,2500.5,False,False,True,True,,,False,False,True,,Nao_ocorreram_layoffs/demissoes_em_massa_na_empresa_em_que_trabalho,,,14.0,,1.0,,,1.0,,,3.0,,1.0,7.0,2.0,,,2.0,1.0,1.0,1.0,True,False,False,v49bg67i8su7l56o3v49bgbpevfqazq3,2024-11-14 16:33:49,2024
250f85c1d84338535bc09b48ca09e086824d96e83550b62702a46abc3725b97b,667e1c97e3c6f471,fe17ae5e2eff92b0,55cdc119d607e551,0e1e984e5bd7c32f,cbb8b78dc192f1be,d68d5f833235fe5f,3053d057e7d49d8f,c9ed1c765640c18d,2048c036bd9b18b5,e25c1203a442e6ba,2024-2025,Branca,Nao,17-21,21,7000.5,False,False,True,True,,,False,False,True,,Nao_ocorreram_layoffs/demissoes_em_massa_na_empresa_em_que_trabalho,,9.0,,,2.0,,,1.0,,,3.0,,1.0,6.0,2.0,,,2.0,1.0,1.0,1.0,True,False,False,cfysp4fmiolo7tdof7yvcfysp4fmsupp,2024-11-14 19:30:50,2024
d99c70cdd4279a74d440e91caa66b7d0ad93b99238bbe0b0940d731d80a15591,7c06efd88710f54f,fe17ae5e2eff92b0,ecc6252a91d769cd,4aaeee29d0fe6f08,cbb8b78dc192f1be,d68d5f833235fe5f,fe3df6ab57602796,0569ab4f29228b28,982900b1b6b3c126,fe70e8c8015640e1,2024-2025,Parda,Nao,17-21,21,2500.5,False,False,True,True,,,False,False,True,,Nao_ocorreram_layoffs/demissoes_em_massa_na_empresa_em_que_trabalho,,9.0,,,1.0,,,1.0,,1.0,3.0,,1.0,3.0,2.0,,,2.0,1.0,1.0,1.0,True,False,False,ycqu6lgdjzo97kycqu6la3eqhymfe22y,2024-12-09 14:37:56,2024
7a31d07e626df26a86cbdacb2fcdfed8250a18d2c1047b964a5eed3e0912c86f,c3972ccd73541907,,,,cbb8b78dc192f1be,d68d5f833235fe5f,a8345d98542c8fcb,,,,2024-2025,Parda,Nao,17-21,21,,,False,True,,,,,,True,,,,,,,,,,,,1.0,,,,,,,,,,,,,False,False,oeuhe0cv849v7mdjs9oeuhe0c6xzw6fj,2024-12-09 16:10:20,2024
03c774b45df851567495da879dcbbc9642d3de160034b170076d7697e8855c17,667e1c97e3c6f471,e6a628f18955ffc3,ecc6252a91d769cd,78dcf54c346ca653,cbb8b78dc192f1be,d68d5f833235fe5f,fe3df6ab57602796,0569ab4f29228b28,982900b1b6b3c126,85595ffccc905ca5,2024-2025,Branca,Nao,17-21,21,5000.5,False,False,True,False,True,True,False,False,True,,Nao_ocorreram_layoffs/demissoes_em_massa_na_empresa_em_que_trabalho,,,,12.0,2.0,,,1.0,,,3.0,3.0,3.0,5.0,2.0,,,2.0,1.0,1.0,3.0,True,False,True,hq6cr8byiyqkvmuse5qhq6cr70isdk3g,2024-12-09 16:59:01,2024
e623ff90f2351994062bc540392836b6eaeac7282bd9e273607119648be4caa4,f5aeb0b6798a7470,22254c459c370bc8,ecc6252a91d769cd,78dcf54c346ca653,cbb8b78dc192f1be,d68d5f833235fe5f,fe3df6ab57602796,0569ab4f29228b28,982900b1b6b3c126,634713c5044826b2,2024-2025,Branca,Nao,17-21,21,500.0,False,False,True,False,False,False,False,False,True,,Nao_ocorreram_layoffs/demissoes_em_massa_na_empresa_em_que_trabalho,,,,6.0,2.0,,,0.0,,,3.0,3.0,1.0,6.0,3.0,,,3.0,1.0,1.0,1.0,True,False,True,c3nceu68vre5e5o32psc3ncpel529i8b,2024-12-10 15:50:41,2024
f57d45dcf2b63300589588468003274f390ebc52ab2d8536fded08cbc4715201,6f496e9738ca13d1,,,,cbb8b78dc192f1be,d68d5f833235fe5f,3053d057e7d49d8f,,,,2024-2025,Branca,Nao,22-24,22,,,False,True,,,,,,True,,,,,,,,,,,,,,,,,,,,,,,,,False,False,66uq4jrzo44b7u1th266uq4jrgcf0o15,2024-10-16 18:44:40,2024
2d96630d1a0ac9efc2ca77f75be8adf92c916fcde055d84df0d0a288caab8c67,f5aeb0b6798a7470,dbb936c8c1ffecd9,ecc6252a91d769cd,78dcf54c346ca653,f3602ece1606872c,d68d5f833235fe5f,fe3df6ab57602796,0569ab4f29228b28,f719efb91c5dbcd8,5cc11ce5bfb49a2b,2024-2025,Parda,Nao,22-24,22,1500.5,False,False,True,False,,,False,False,True,,Nao_ocorreram_layoffs/demissoes_em_massa_na_empresa_em_que_trabalho,,,,,,,,,,1.0,3.0,2.0,,,,,3.0,,,,,,False,False,ipeybtl4yd8zj0xijkmipeybsp9gyy1g,2024-11-06 18:31:41,2024
86056f09216c1e48a03f85c2ef5c025028d3d83e41fbb1371bfaf966c6531bdf,32da6721804f1dd3,f4309b3f4ebdc8d0,ecc6252a91d769cd,a4ae60a328c87d96,cbb8b78dc192f1be,43eba83eee969f1e,936382867105808c,3274ca06d4c94bff,2048c036bd9b18b5,85595ffccc905ca5,2024-2025,Branca,Nao,22-24,22,5000.5,False,False,True,False,,,False,False,True,,Nao_ocorreram_layoffs/demissoes_em_massa_na_empresa_em_que_trabalho,,5.0,,,1.0,,,1.0,,,3.0,3.0,2.0,4.0,2.0,,,2.0,1.0,1.0,2.0,True,False,False,cegl63govw3xzoocg2ycegl6ayl7vrug,2024-11-07 14:30:22,2024
9abab199b2fc616aedf68d72914cdc43df0341a13c29323ec2e8d04a4da02a45,f5aeb0b6798a7470,c2746be945b965d3,ecc6252a91d769cd,0e1e984e5bd7c32f,f3602ece1606872c,43eba83eee969f1e,fe3df6ab57602796,3274ca06d4c94bff,2048c036bd9b18b5,e25c1203a442e6ba,2024-2025,Branca,Nao,22-24,22,7000.5,False,False,True,True,,,True,False,True,,"Sim,_ocorreram_layoffs/demissoes_em_massa_na_empresa_em_que_trabalho_mas_nao_fui_afetado",,9.0,,,4.0,,,1.0,,1.0,3.0,,1.0,4.0,3.0,,5.0,5.0,1.0,1.0,1.0,True,False,False,w15km84atj4idhnh3hx0w15km89ajtcd,2024-11-10 14:30:33,2024
b3afd332b9547303ed5a1066455e8d996f407a833406e15900e948b3709078aa,32da6721804f1dd3,e6a628f18955ffc3,ecc6252a91d769cd,78dcf54c346ca653,f3602ece1606872c,d68d5f833235fe5f,fe3df6ab57602796,0569ab4f29228b28,982900b1b6b3c126,fe70e8c8015640e1,2024-2025,Branca,Nao,22-24,22,2500.5,False,False,True,True,,,False,False,True,,Nao_ocorreram_layoffs/demissoes_em_massa_na_empresa_em_que_trabalho,,,,,3.0,,,1.0,,1.0,3.0,,1.0,8.0,3.0,,5.0,2.0,1.0,1.0,1.0,True,False,False,6lrsyjgd552dbougato9vn6lrstn52bc,2024-11-12 10:10:56,2024
9fd0781fcf0c42f68ebf2b4644acd65c8c457a781b2bd95502705994ce997d60,667e1c97e3c6f471,c2746be945b965d3,ecc6252a91d769cd,f5904cf7a1231a7a,f3602ece1606872c,d68d5f833235fe5f,fe3df6ab57602796,c9ed1c765640c18d,9de61584ed97694c,5cc11ce5bfb49a2b,2024-2025,Parda,Sim,22-24,22,1500.5,False,True,True,False,,,False,False,True,,Nao_ocorreram_layoffs/demissoes_em_massa_na_empresa_em_que_trabalho,,7.0,,,1.0,,,1.0,,1.0,3.0,1.0,2.0,5.0,3.0,,2.0,2.0,1.0,1.0,1.0,True,False,False,jm31wvtj6hoongxz4jm31whhywg9ph06,2024-11-13 21:59:14,2024
b23b55049209010bdc31cf2b7d29435b7ea8414b641288f14447b098c1c6e7cf,f0055891f09fff48,fe17ae5e2eff92b0,55cdc119d607e551,db2fc8aea5e4d81c,cbb8b78dc192f1be,d68d5f833235fe5f,fe3df6ab57602796,0569ab4f29228b28,9de61584ed97694c,fe70e8c8015640e1,2024-2025,Branca,Nao,22-24,22,2500.5,False,False,True,True,False,False,False,False,True,,Nao_ocorreram_layoffs/demissoes_em_massa_na_empresa_em_que_trabalho,,,,5.0,2.0,,,1.0,,,3.0,,1.0,5.0,2.0,,,3.0,1.0,1.0,1.0,True,False,True,t8meyz6lnc1pc0g64bsxt8meyz4sgvd6,2024-11-25 04:17:21,2024
32dffbf4ddf0da4cdba04c6db21ab4d6c78c2f2a6a41275594f1604f9134c677,6f496e9738ca13d1,fe17ae5e2eff92b0,ecc6252a91d769cd,dbb936c8c1ffecd9,cbb8b78dc192f1be,d68d5f833235fe5f,fe3df6ab57602796,3274ca06d4c94bff,982900b1b6b3c126,5cc11ce5bfb49a2b,2024-2025,Parda,Nao,22-24,22,1500.5,False,False,True,False,,,False,False,True,,Nao_ocorreram_layoffs/demissoes_em_massa_na_empresa_em_que_trabalho,,8.0,,,1.0,,,2.0,,1.0,3.0,1.0,1.0,5.0,2.0,,,3.0,1.0,1.0,1.0,True,False,False,s1c9zy0lid4pl94s1cqbeld8saj7q4wo,2024-11-25 11:34:16,2024
548291a20589a1c68d6ea69a29ef7fcd462da1807bb89e2ae7a945e6f41cdf88,f5aeb0b6798a7470,e6a628f18955ffc3,55cdc119d607e551,757645cf0ac935b1,cbb8b78dc192f1be,43eba83eee969f1e,fe3df6ab57602796,7e9f6dc0fde56d40,2048c036bd9b18b5,d95903abcbe2576f,2024-2025,Branca,Nao,22-24,22,10000.5,False,False,True,True,True,True,True,False,True,,"Sim,_ocorreram_layoffs/demissoes_em_massa_na_empresa_em_que_trabalho_mas_nao_fui_afetado",,,,11.0,1.0,,,1.0,,,3.0,,2.0,7.0,2.0,,,3.0,1.0,1.0,2.0,True,False,True,83c3b0dzlx3qma3183r7ih0h32qy87ip,2024-11-25 20:59:17,2024
26c2d9e8968bfc334e92b1c6e9410d6405602265dd9f5d32d755ceda9c924dd8,4a3161bbf086290c,fe17ae5e2eff92b0,ecc6252a91d769cd,5835bc43ea92d4c5,cbb8b78dc192f1be,d68d5f833235fe5f,a8345d98542c8fcb,c9ed1c765640c18d,982900b1b6b3c126,67d183cf4199ecb9,2024-2025,Amarela,Nao,22-24,22,3500.5,False,False,True,True,,,False,False,True,,Nao_ocorreram_layoffs/demissoes_em_massa_na_empresa_em_que_trabalho,,,,,2.0,,,2.0,,1.0,3.0,,6.0,5.0,1.0,,,4.0,1.0,1.0,6.0,True,False,False,l0fnv7tx391w5uyl0yds6ud8d6p1nxiu,2024-12-09 17:40:59,2024
1c0074fcb7e353960e499a28b9636d345140c3222bcfdeaf37a6fb4fb843f0f8,296d71a7f66e75b7,22254c459c370bc8,ecc6252a91d769cd,f441529a404b6a84,cbb8b78dc192f1be,d68d5f833235fe5f,936382867105808c,c9ed1c765640c18d,982900b1b6b3c126,fe70e8c8015640e1,2024-2025,Preta,Nao,22-24,22,2500.5,False,False,True,False,,,False,False,True,,Nao_ocorreram_layoffs/demissoes_em_massa_na_empresa_em_que_trabalho,,,,,1.0,,,1.0,,1.0,3.0,1.0,1.0,1.0,0.0,,,2.0,,1.0,1.0,False,False,False,t38mybv9lx2yz1zt38myqb3y31qrtlhv,2024-12-11 16:42:57,2024
0cc86a40b920a784ad30c52e4b773055982d9f5ba3686f6bdbd38c3cec3483fc,f5aeb0b6798a7470,fe17ae5e2eff92b0,ecc6252a91d769cd,460e4e0bd6b3cd1d,cbb8b78dc192f1be,43eba83eee969f1e,a8345d98542c8fcb,7e9f6dc0fde56d40,982900b1b6b3c126,67d183cf4199ecb9,2024-2025,Branca,Nao,22-24,23,3500.5,False,False,True,False,,,False,False,True,,Nao_ocorreram_layoffs/demissoes_em_massa_na_empresa_em_que_trabalho,,5.0,,,1.0,,,1.0,,,3.0,2.0,1.0,4.0,1.0,,,2.0,1.0,1.0,1.0,True,False,False,txhijxyv1kchd1gv1rqtxhi4ww8x1slm,2024-10-14 14:03:02,2024
077d3c3bea37ded4cba386edf2c5f30e8b0646c4a7b2092df5b11abfdd92fcef,f5aeb0b6798a7470,22254c459c370bc8,ecc6252a91d769cd,e551bb41f4b028d9,cbb8b78dc192f1be,43eba83eee969f1e,936382867105808c,3274ca06d4c94bff,f719efb91c5dbcd8,85595ffccc905ca5,2024-2025,Branca,Nao,22-24,23,5000.5,False,False,True,False,,,False,False,True,,Nao_ocorreram_layoffs/demissoes_em_massa_na_empresa_em_que_trabalho,,4.0,,,2.0,,,2.0,,,1.0,2.0,1.0,3.0,1.0,,,2.0,1.0,1.0,1.0,True,False,False,x02hwrdsq0cliie3v6ux02hwrdyjq8z5,2024-10-14 21:12:03,2024
7297699c2d8c5682512154079af5670cfad7163dd344bc2e84d187d57eaf1efc,f5aeb0b6798a7470,c2746be945b965d3,55cdc119d607e551,db2fc8aea5e4d81c,5ba3cea99095f674,43eba83eee969f1e,3053d057e7d49d8f,c9ed1c765640c18d,982900b1b6b3c126,e25c1203a442e6ba,2024-2025,Branca,Sim,22-24,23,7000.5,False,True,True,True,,,False,False,True,,Nao_ocorreram_layoffs/demissoes_em_massa_na_empresa_em_que_trabalho,,,14.0,,1.0,,,1.0,,1.0,3.0,,3.0,4.0,2.0,,2.0,6.0,1.0,1.0,2.0,True,False,False,akfegiri5dujj92r9ggakfeg5hsp9444,2024-10-15 14:37:58,2024
e2db0f505b1cbe8a3d89ec65c79b9d94a1195fde38c13a53a9f918f66bd38c41,c3972ccd73541907,7d6b6a94eaac02b7,92613a8f434050ae,78dcf54c346ca653,cbb8b78dc192f1be,43eba83eee969f1e,fe3df6ab57602796,c9ed1c765640c18d,2048c036bd9b18b5,940f48d40481453d,2024-2025,Branca,Nao,22-24,23,14000.5,False,False,True,True,True,False,False,False,False,,Nao_ocorreram_layoffs/demissoes_em_massa_na_empresa_em_que_trabalho,,,,11.0,4.0,,,2.0,,,3.0,,3.0,8.0,4.0,,,6.0,1.0,1.0,2.0,True,False,True,xpcbxi6n4vcygr07wbxpcbe8s1t692s3,2024-10-16 14:33:55,2024
b530888488abe91a534f6bb35a87927e767bb108da2084ddee8b34fb71e12e2d,32da6721804f1dd3,,,,cbb8b78dc192f1be,43eba83eee969f1e,3053d057e7d49d8f,,,,2024-2025,Branca,Nao,22-24,23,,,False,True,,,,,,True,,,,,,,,,,,,,,,,,,,,,,,,,False,False,im6yn4atvt9aex5gp8oim6aaqa2wh22g,2024-10-16 14:47:44,2024
166b8d780b48243923c47103c82138ea29d652d9bc6c9b32e495739b8bd8c328,f5aeb0b6798a7470,fe17ae5e2eff92b0,ecc6252a91d769cd,dbb936c8c1ffecd9,cbb8b78dc192f1be,d68d5f833235fe5f,fe3df6ab57602796,0569ab4f29228b28,9de61584ed97694c,fe70e8c8015640e1,2024-2025,Branca,Nao,22-24,23,2500.5,False,False,True,False,,,False,False,True,,Nao_ocorreram_layoffs/demissoes_em_massa_na_empresa_em_que_trabalho,,6.0,,,1.0,,,1.0,,,3.0,2.0,2.0,3.0,2.0,,,2.0,1.0,1.0,2.0,True,False,False,sw198v602itwzcxfzbesw19yr4gl5phh,2024-10-17 04:15:13,2024
ae245a0a2eed17179e898e6bd36acbede4f42c7392a35755ba9fe33449fb21ff,f5aeb0b6798a7470,c2746be945b965d3,55cdc119d607e551,0e1e984e5bd7c32f,f3602ece1606872c,43eba83eee969f1e,3053d057e7d49d8f,0569ab4f29228b28,2048c036bd9b18b5,e25c1203a442e6ba,2024-2025,Amarela,Nao,22-24,23,7000.5,False,False,True,True,,,False,False,True,,Nao_ocorreram_layoffs/demissoes_em_massa_na_empresa_em_que_trabalho,,,14.0,,1.0,,,1.0,,1.0,3.0,,2.0,5.0,2.0,,5.0,2.0,1.0,1.0,1.0,True,False,False,s4wt5o3bj5ys4sl2hk923ed68q4yjybn,2024-10-17 12:39:47,2024
8c6ac1a3cb460565c4c5dc9a514f7fe4c4db8d83f622d6a0148d285b41150a65,6f496e9738ca13d1,fe17ae5e2eff92b0,55cdc119d607e551,0a59d734aa225a41,cbb8b78dc192f1be,43eba83eee969f1e,936382867105808c,c9ed1c765640c18d,2048c036bd9b18b5,e25c1203a442e6ba,2024-2025,Preta,Nao,22-24,23,7000.5,False,False,True,True,,,False,False,True,,Nao_ocorreram_layoffs/demissoes_em_massa_na_empresa_em_que_trabalho,,12.0,,,2.0,,,1.0,,1.0,3.0,,1.0,4.0,2.0,,,7.0,1.0,1.0,2.0,True,False,False,14t8lhlblktx63j1gcjz8z14t8l9ele0,2024-10-21 17:32:21,2024
4fc249ed86b8bc8f9a0275be9f1550c7942f1b06495c3e2077e57647d6f12045,f5aeb0b6798a7470,fe17ae5e2eff92b0,55cdc119d607e551,78dcf54c346ca653,cbb8b78dc192f1be,43eba83eee969f1e,fe3df6ab57602796,7e9f6dc0fde56d40,2de7e75800b84bf1,d95903abcbe2576f,2024-2025,Branca,Nao,22-24,23,10000.5,False,False,True,True,,,True,False,True,,"Sim,_ocorreram_layoffs/demissoes_em_massa_na_empresa_em_que_trabalho_mas_nao_fui_afetado",,7.0,,,1.0,,,1.0,,,3.0,,1.0,6.0,2.0,,,2.0,1.0,1.0,1.0,True,False,False,ntq3p6cibknhkqqnsme0e5d8n51nhkqq,2024-10-21 18:18:52,2024
77fa4c352b1cf8e3f05d9cb7b2d9e4d67562e865d273951ef81b68dc2a548aa1,f5aeb0b6798a7470,dbb936c8c1ffecd9,ecc6252a91d769cd,0e1e984e5bd7c32f,cbb8b78dc192f1be,43eba83eee969f1e,fe3df6ab57602796,3274ca06d4c94bff,f719efb91c5dbcd8,fe70e8c8015640e1,2024-2025,Branca,Nao,22-24,23,2500.5,False,False,True,True,,,False,False,True,,Nao_ocorreram_layoffs/demissoes_em_massa_na_empresa_em_que_trabalho,,5.0,,,1.0,,,2.0,,,3.0,,1.0,4.0,1.0,,,2.0,1.0,1.0,1.0,True,False,False,tjruhqyh6g221qtjruhvbq3fvt172k8v,2024-11-04 11:39:13,2024
9b6097b5445e65f2c9e44a11da48c9873746d4a9f391eab03337c9769c8c3886,d68956cd067ac773,,,,cbb8b78dc192f1be,d68d5f833235fe5f,fe3df6ab57602796,,,,2024-2025,Parda,Nao,22-24,23,,,False,True,,,,,,True,,,,,,,,,,,,1.0,,,,,,,,,,,,,False,False,ktt0lbng1fza4ubgkt3l9wznjswmqgdx,2024-11-07 15:36:39,2024
a4e160e34644497f72835fa037f8ba2c710b731b0e15e8ffc9544d64f8443f58,6f496e9738ca13d1,91aaff70ef7b0d7e,ecc6252a91d769cd,0a59d734aa225a41,cbb8b78dc192f1be,43eba83eee969f1e,fe3df6ab57602796,7e9f6dc0fde56d40,f719efb91c5dbcd8,fe70e8c8015640e1,2024-2025,Branca,Nao,22-24,23,2500.5,False,False,True,True,,,False,False,True,,Nao_ocorreram_layoffs/demissoes_em_massa_na_empresa_em_que_trabalho,,,,,,,,,,,3.0,,,,,,,,,,,,False,False,kvnm17thcjpxk2l65kvnm1gv1sp4itsf,2024-11-07 21:10:31,2024
29f1cd7bcc9de979bbede191bc3f85cd7cd2d4d99cf24584b67d0dab6ea9e105,f9085bf3a4e33576,c2746be945b965d3,ecc6252a91d769cd,5835bc43ea92d4c5,cbb8b78dc192f1be,d68d5f833235fe5f,fe3df6ab57602796,c9ed1c765640c18d,982900b1b6b3c126,67d183cf4199ecb9,2024-2025,Branca,Nao,22-24,23,3500.5,False,False,True,True,,,True,False,True,,"Sim,_ocorreram_layoffs/demissoes_em_massa_na_empresa_em_que_trabalho_mas_nao_fui_afetado",,,11.0,,2.0,,,1.0,,,3.0,,1.0,6.0,3.0,,,2.0,1.0,1.0,1.0,True,False,False,3rcfqang31eikfdt4sw3bl3rcfqak9d1,2024-11-13 20:01:36,2024
7b0a55b138164f0535896d56e67e37089230a33152d3b6c6c6e25d4f5ee24df8,0049aa51a630b791,dbb936c8c1ffecd9,ecc6252a91d769cd,4aaeee29d0fe6f08,cbb8b78dc192f1be,d68d5f833235fe5f,fe3df6ab57602796,0569ab4f29228b28,9de61584ed97694c,5cc11ce5bfb49a2b,2024-2025,Branca,Nao,22-24,23,1500.5,False,False,True,False,,,True,False,True,,"Sim,_ocorreram_layoffs/demissoes_em_massa_na_empresa_em_que_trabalho_mas_nao_fui_afetado",,,,,,,,,,,3.0,3.0,,,,,,,,,,,False,False,z1r79tivkz1rysm3vamh16e1up33pysm,2024-11-14 14:00:48,2024
ace178d4bb4b22258c46cc06cce6ee56080e3bb5a3f25bcad8cf93654c077dfb,667e1c97e3c6f471,fe17ae5e2eff92b0,ecc6252a91d769cd,0e1e984e5bd7c32f,cbb8b78dc192f1be,d68d5f833235fe5f,a8345d98542c8fcb,7e9f6dc0fde56d40,982900b1b6b3c126,fe70e8c8015640e1,2024-2025,Branca,Nao,22-24,23,2500.5,False,False,True,True,,,False,False,True,,Nao_ocorreram_layoffs/demissoes_em_massa_na_empresa_em_que_trabalho,,9.0,,,3.0,,,1.0,,,3.0,,1.0,5.0,2.0,,,2.0,1.0,1.0,1.0,True,False,False,ogirkh262qqqthogi5dlcapsz11qh035,2024-11-14 14:22:08,2024
b54354f0c18014b63cd3c55477932064952790290484c6ba6400f473a500a18b,6f496e9738ca13d1,e6a628f18955ffc3,ecc6252a91d769cd,4624962e6e79d5fb,cbb8b78dc192f1be,43eba83eee969f1e,fe3df6ab57602796,7e9f6dc0fde56d40,982900b1b6b3c126,85595ffccc905ca5,2024-2025,Branca,Nao,22-24,23,5000.5,False,False,True,True,True,True,False,False,True,,Nao_ocorreram_layoffs/demissoes_em_massa_na_empresa_em_que_trabalho,,,,8.0,2.0,,,1.0,,,3.0,,1.0,3.0,2.0,,,2.0,1.0,1.0,1.0,True,False,True,n67k5o0td8o4xetpdn67k5odshfof9zv,2024-11-28 00:32:08,2024
2798c125479b429b5db26cc21b44e273c3a6044f7837551f57e98cefe428ff2e,4d95e550b47c0122,e6a628f18955ffc3,55cdc119d607e551,78dcf54c346ca653,f3602ece1606872c,d68d5f833235fe5f,fe3df6ab57602796,c9ed1c765640c18d,982900b1b6b3c126,67d183cf4199ecb9,2024-2025,Parda,Sim,22-24,23,3500.5,False,True,True,False,True,True,True,True,True,,"Sim,_ocorreram_layoffs/demissoes_em_massa_na_empresa_em_que_trabalhava_e_eu_fui_afetado",,,,6.0,3.0,,,1.0,,1.0,3.0,3.0,1.0,7.0,2.0,,3.0,2.0,1.0,1.0,1.0,True,False,True,fn4h55d89z5fzv0ixfn4h3akvuc94szz,2024-12-09 16:19:44,2024
8928a12016169acb9ab3e1dec4d18c33becb430dcb49688143258da7a4ec7613,f5aeb0b6798a7470,91aaff70ef7b0d7e,55cdc119d607e551,e98c69c2254daa93,cbb8b78dc192f1be,43eba83eee969f1e,fe3df6ab57602796,7e9f6dc0fde56d40,2048c036bd9b18b5,d95903abcbe2576f,2024-2025,Branca,Nao,22-24,23,10000.5,False,False,True,False,False,False,False,False,True,,Nao_ocorreram_layoffs/demissoes_em_massa_na_empresa_em_que_trabalho,,,,6.0,2.0,,,0.0,,,3.0,1.0,3.0,8.0,6.0,,,2.0,1.0,1.0,2.0,True,False,True,34jt5psv0kbdf5jgcyj34jtgjrhr0mxl,2024-12-09 20:36:29,2024
d5cff07d5636e016399a114772e591c48ff9f4667dc36c3bfbba737abd805d41,f5aeb0b6798a7470,bc49c018363808cc,ecc6252a91d769cd,0a59d734aa225a41,cbb8b78dc192f1be,d68d5f833235fe5f,f8f6d420549b37fb,7e9f6dc0fde56d40,9de61584ed97694c,5cc11ce5bfb49a2b,2024-2025,Branca,Nao,22-24,23,1500.5,False,False,True,True,,,True,False,True,,"Sim,_ocorreram_layoffs/demissoes_em_massa_na_empresa_em_que_trabalho_mas_nao_fui_afetado",,,,,4.0,,,2.0,,,3.0,,2.0,5.0,2.0,,,7.0,1.0,1.0,2.0,True,False,False,8pkk8ca2bfkgk908pkk3s4ck3cnl2god,2024-12-09 21:18:26,2024
19dc8f3d99e92ef9daf557450aec389484ea8b2360d7c3971dc82ed34f3af806,c3972ccd73541907,fe17ae5e2eff92b0,55cdc119d607e551,78dcf54c346ca653,cbb8b78dc192f1be,d68d5f833235fe5f,3053d057e7d49d8f,3274ca06d4c94bff,2048c036bd9b18b5,fe70e8c8015640e1,2024-2025,Branca,Nao,22-24,23,2500.5,False,False,True,True,,,False,False,True,,Nao_ocorreram_layoffs/demissoes_em_massa_na_empresa_em_que_trabalho,,6.0,,,2.0,,,2.0,,,3.0,,1.0,6.0,2.0,,,4.0,1.0,1.0,1.0,True,False,False,mo2lvaibih3eodfwtdqmo2l5r0pbtbgm,2024-12-09 22:36:57,2024
4c29728af67c232fa43df892257d5e512405dae9fe136c37d064e6295e5767fb,c3972ccd73541907,f4309b3f4ebdc8d0,ecc6252a91d769cd,8d8376636f8ade6f,cbb8b78dc192f1be,43eba83eee969f1e,936382867105808c,3274ca06d4c94bff,2048c036bd9b18b5,85595ffccc905ca5,2024-2025,Preta,Nao,22-24,23,5000.5,False,False,True,False,,,True,False,True,,"Sim,_ocorreram_layoffs/demissoes_em_massa_na_empresa_em_que_trabalho_mas_nao_fui_afetado",,6.0,,,3.0,,,0.0,,1.0,1.0,1.0,1.0,3.0,2.0,,,2.0,1.0,1.0,1.0,True,False,False,a7eu3pd643l5zn3ca7fzm1rdzw079222,2024-12-11 13:27:51,2024
3574c03129aa8bbf63c0fe1702e4bb443de015183b5b35bd8ee84d8a87ec02da,6f496e9738ca13d1,fe17ae5e2eff92b0,55cdc119d607e551,78dcf54c346ca653,cbb8b78dc192f1be,d68d5f833235fe5f,046a83f0313b93ce,c9ed1c765640c18d,982900b1b6b3c126,67d183cf4199ecb9,2024-2025,Parda,Nao,22-24,23,3500.5,False,False,True,False,,,True,False,True,,"Sim,_ocorreram_layoffs/demissoes_em_massa_na_empresa_em_que_trabalho_mas_nao_fui_afetado",,10.0,,,2.0,,,1.0,,1.0,3.0,3.0,2.0,6.0,2.0,,,3.0,1.0,1.0,1.0,True,False,False,c0jjbaqdpqrit5jtcmunzdsc0jjbefjy,2024-12-11 18:21:22,2024
ea7b5610823795a35e372915bc76a256176161c9926557efd6074fe18020f991,0df9e03357ae3a2b,c518a4f98887a30b,55cdc119d607e551,757645cf0ac935b1,cbb8b78dc192f1be,43eba83eee969f1e,fe3df6ab57602796,7e9f6dc0fde56d40,982900b1b6b3c126,67d183cf4199ecb9,2024-2025,Preta,Sim,22-24,23,3500.5,False,True,True,False,,,True,False,True,,"Sim,_ocorreram_layoffs/demissoes_em_massa_na_empresa_em_que_trabalho_mas_nao_fui_afetado",,11.0,,,4.0,,,2.0,,2.0,3.0,2.0,3.0,7.0,2.0,,,2.0,1.0,1.0,3.0,True,False,False,fg9wwtgq7ty9p7d1nnu7fg9ww8eecybu,2024-12-11 19:35:19,2024
9df59ca7c378ee71971cdb53e1be40d5feefcea8aeff7617d5766a8a2ff0160f,6f496e9738ca13d1,c2746be945b965d3,55cdc119d607e551,4e117ea5e7a4c94d,cbb8b78dc192f1be,43eba83eee969f1e,3053d057e7d49d8f,c9ed1c765640c18d,2048c036bd9b18b5,d95903abcbe2576f,2024-2025,Branca,Nao,22-24,23,10000.5,False,False,True,True,,,False,False,True,,Nao_ocorreram_layoffs/demissoes_em_massa_na_empresa_em_que_trabalho,,9.0,,,1.0,,,2.0,,,3.0,,2.0,2.0,2.0,,,3.0,1.0,1.0,2.0,True,False,False,pmaldwlxwap3ksuci1ilhepmaldwrcvx,2024-12-14 01:48:32,2024
7553d76d8f396a8410ebd4e02eb9324899d09ae83507e5272febada77ef3abe1,6f496e9738ca13d1,e6a628f18955ffc3,ecc6252a91d769cd,78dcf54c346ca653,f3602ece1606872c,d68d5f833235fe5f,fe3df6ab57602796,c9ed1c765640c18d,9de61584ed97694c,5cc11ce5bfb49a2b,2024-2025,Preta,Nao,22-24,23,1500.5,False,False,True,True,True,True,False,False,True,,Nao_ocorreram_layoffs/demissoes_em_massa_na_empresa_em_que_trabalho,,,,4.0,5.0,,,0.0,,2.0,3.0,,1.0,3.0,1.0,,5.0,2.0,1.0,1.0,1.0,True,False,True,2gb8i9vkawl6044qjh2gb8irc2dloh8k,2024-12-16 16:00:34,2024
1975543bfdb89db4eed6730f9880c75097860f1a90ec80bdd987cfc7462f4965,4a3161bbf086290c,c518a4f98887a30b,55cdc119d607e551,0e1e984e5bd7c32f,cbb8b78dc192f1be,d68d5f833235fe5f,3053d057e7d49d8f,c9ed1c765640c18d,982900b1b6b3c126,85595ffccc905ca5,2024-2025,Branca,Nao,22-24,23,5000.5,False,False,True,False,,,False,False,True,,Nao_ocorreram_layoffs/demissoes_em_massa_na_empresa_em_que_trabalho,,9.0,,,1.0,,,1.0,,,3.0,3.0,2.0,6.0,2.0,,,2.0,1.0,1.0,2.0,True,False,False,ayjhgn0d89m1dnowpj1ayjh1ssa0tiir,2024-12-17 00:35:29,2024
a90ec9a39f4c15886f4b6e776762e3afe002bdfac42ccb6ef42dade0c2692c7a,6f496e9738ca13d1,c2746be945b965d3,55cdc119d607e551,5835bc43ea92d4c5,cbb8b78dc192f1be,43eba83eee969f1e,a8345d98542c8fcb,c9ed1c765640c18d,982900b1b6b3c126,e25c1203a442e6ba,2024-2025,Branca,Nao,22-24,24,7000.5,False,False,True,True,,,False,False,True,,Nao_ocorreram_layoffs/demissoes_em_massa_na_empresa_em_que_trabalho,,,4.0,,3.0,,,1.0,,,3.0,,1.0,7.0,2.0,,,6.0,1.0,1.0,1.0,True,False,False,49oals3lm80wnk49oa7ztc0eoy6v537z,2024-10-14 10:24:44,2024
7e18de190454db37d69a12e2d462f8d520e890605e8f6ac20681fe7ef9ccc494,f5aeb0b6798a7470,e6a628f18955ffc3,55cdc119d607e551,0e1e984e5bd7c32f,cbb8b78dc192f1be,7412d326cc0f334b,,0569ab4f29228b28,982900b1b6b3c126,85595ffccc905ca5,2024-2025,Branca,Nao,22-24,24,5000.5,False,False,True,True,True,True,False,False,True,,Nao_ocorreram_layoffs/demissoes_em_massa_na_empresa_em_que_trabalho,,,,11.0,3.0,,,1.0,,,3.0,,1.0,5.0,2.0,,,2.0,1.0,1.0,1.0,True,False,True,cj3zj8nmi67scfcadcj3zjuvrakgvaqq,2024-10-15 09:36:28,2024
68157ff772a77097d31d2feff96a67cebec6e9dc2bcb4973f17f40d6249e6126,32da6721804f1dd3,fe17ae5e2eff92b0,ecc6252a91d769cd,0e1e984e5bd7c32f,f3602ece1606872c,2833afa24eae7ac7,3053d057e7d49d8f,0569ab4f29228b28,982900b1b6b3c126,67d183cf4199ecb9,2024-2025,Branca,Nao,22-24,24,3500.5,False,False,True,True,True,True,False,False,True,,Nao_ocorreram_layoffs/demissoes_em_massa_na_empresa_em_que_trabalho,,,,8.0,1.0,,,2.0,,1.0,3.0,,2.0,2.0,3.0,,,3.0,1.0,1.0,2.0,True,False,True,8jw7qgpc7r5lkvyywu8jw7qzidevekxz,2024-10-16 20:45:07,2024
24aff99c371e9d343c59096d26c20779eec0116592244e5e7cf7ab9ac1102ebf,0df9e03357ae3a2b,c518a4f98887a30b,55cdc119d607e551,0e1e984e5bd7c32f,cbb8b78dc192f1be,43eba83eee969f1e,fe3df6ab57602796,c9ed1c765640c18d,2048c036bd9b18b5,e25c1203a442e6ba,2024-2025,Branca,Nao,22-24,24,7000.5,False,False,True,True,,,False,False,True,,Nao_ocorreram_layoffs/demissoes_em_massa_na_empresa_em_que_trabalho,,10.0,,,2.0,,,1.0,,,3.0,,1.0,4.0,2.0,,,2.0,1.0,1.0,1.0,True,False,False,p1hk6hvzrob780bmtp1hk60j467o41o7,2024-10-16 23:37:55,2024
3247647fe3f8b42bdd39c0efa03cb4ef19f730a96a2b00dc06ccfbd5795990c3,f5aeb0b6798a7470,fe17ae5e2eff92b0,55cdc119d607e551,78dcf54c346ca653,cbb8b78dc192f1be,d68d5f833235fe5f,fe3df6ab57602796,7e9f6dc0fde56d40,2048c036bd9b18b5,e25c1203a442e6ba,2024-2025,Amarela,Nao,22-24,24,7000.5,False,False,True,True,,,False,False,True,,Nao_ocorreram_layoffs/demissoes_em_massa_na_empresa_em_que_trabalho,,12.0,,,7.0,,,1.0,,1.0,3.0,,1.0,5.0,2.0,,,4.0,1.0,1.0,1.0,True,False,False,obqnn84rv67cobqnni6f52rwmrxxrkif,2024-10-18 17:50:17,2024
80864bc0659170f9bcbf341a581fbaca11d23d8e08b85188627036e6836fbc38,c3972ccd73541907,fe17ae5e2eff92b0,ecc6252a91d769cd,f5904cf7a1231a7a,cbb8b78dc192f1be,d68d5f833235fe5f,a8345d98542c8fcb,c9ed1c765640c18d,982900b1b6b3c126,fe70e8c8015640e1,2024-2025,Branca,Nao,22-24,24,2500.5,False,False,True,False,,,True,False,True,,"Sim,_ocorreram_layoffs/demissoes_em_massa_na_empresa_em_que_trabalho_mas_nao_fui_afetado",,7.0,,,1.0,,,2.0,,,3.0,3.0,3.0,6.0,0.0,,,2.0,,1.0,3.0,True,False,False,8kv9bupwp8464tbj3hj8kv9bu394dwbw,2024-10-19 18:32:24,2024
bac52fe657a6ed7ef81536125abdca50d0d9aa1213d84f195f712a3ae6334814,7c06efd88710f54f,,,a4ae60a328c87d96,cbb8b78dc192f1be,43eba83eee969f1e,a8345d98542c8fcb,c9ed1c765640c18d,982900b1b6b3c126,5cc11ce5bfb49a2b,2024-2025,Parda,Nao,22-24,24,1500.5,True,False,True,False,,,False,False,True,Nao_e_uma_iniciativa_que_estamos_focando_e_nao_tem_sido_uma_prioridade.,Nao_ocorreram_layoffs/demissoes_em_massa_na_empresa_em_que_trabalho,,,,,,0.0,3.0,,6.0,1.0,3.0,2.0,,,,,,1.0,,,,True,True,False,2yovtimxjwysyef7wc1f42yovt7lwcnq,2024-10-31 22:19:00,2024
1ee2d9914cc4534731b39b42752770dc8d5420350b944955452290786065d0d3,d68956cd067ac773,f4309b3f4ebdc8d0,55cdc119d607e551,757645cf0ac935b1,cbb8b78dc192f1be,2833afa24eae7ac7,a8345d98542c8fcb,0569ab4f29228b28,982900b1b6b3c126,85595ffccc905ca5,2024-2025,Branca,Nao,22-24,24,5000.5,False,False,True,False,,,False,False,True,,Nao_ocorreram_layoffs/demissoes_em_massa_na_empresa_em_que_trabalho,,6.0,,,3.0,,,1.0,,,3.0,3.0,3.0,5.0,4.0,,,2.0,1.0,1.0,2.0,True,False,False,90dcknvchl9cmzgwk8xk90dckn3vus6p,2024-11-06 21:36:37,2024
6b0a7bb5d7b9362c80117b34ae8a3c0f2d976932eaf6bc635cce4d09bb0b43b8,f5aeb0b6798a7470,e6a628f18955ffc3,55cdc119d607e551,5835bc43ea92d4c5,cbb8b78dc192f1be,43eba83eee969f1e,fe3df6ab57602796,c9ed1c765640c18d,2048c036bd9b18b5,e25c1203a442e6ba,2024-2025,Parda,Nao,22-24,24,7000.5,False,False,True,False,False,True,False,False,True,,Nao_ocorreram_layoffs/demissoes_em_massa_na_empresa_em_que_trabalho,,,,9.0,4.0,,,1.0,,1.0,3.0,1.0,2.0,6.0,4.0,,,2.0,1.0,1.0,1.0,True,False,True,dyqifgfrred7y2e8ap5dyqifyvi4nnzv,2024-11-09 02:12:37,2024
10ebf99a7a006e56d98ff448203342586e210b4591f29bc424c75e2cb56be594,f5aeb0b6798a7470,fe17ae5e2eff92b0,ecc6252a91d769cd,757645cf0ac935b1,f3602ece1606872c,2833afa24eae7ac7,e48dc30f6cbde6fe,7e9f6dc0fde56d40,982900b1b6b3c126,85595ffccc905ca5,2024-2025,Branca,Nao,22-24,24,5000.5,False,False,True,True,,,False,False,True,,Nao_ocorreram_layoffs/demissoes_em_massa_na_empresa_em_que_trabalho,,5.0,,,1.0,,,1.0,,1.0,3.0,,1.0,3.0,2.0,,,2.0,1.0,1.0,1.0,True,False,False,z4qrw3j6p94es3edz4qto0leoqqyb6t2,2024-11-10 12:19:37,2024
c3111e836b03bd242d5c78759eb7fc5311c7ecc411ae8974fae78b710774ce8a,f5aeb0b6798a7470,fe17ae5e2eff92b0,ecc6252a91d769cd,db2fc8aea5e4d81c,cbb8b78dc192f1be,43eba83eee969f1e,046a83f0313b93ce,3274ca06d4c94bff,982900b1b6b3c126,67d183cf4199ecb9,2024-2025,Parda,Nao,22-24,24,3500.5,False,False,True,False,,,False,False,True,,Nao_ocorreram_layoffs/demissoes_em_massa_na_empresa_em_que_trabalho,,12.0,,,2.0,,,1.0,,1.0,3.0,1.0,3.0,7.0,2.0,,2.0,2.0,1.0,1.0,2.0,True,False,False,1zjfflralrhwlmrsam1zjfxau3a7bqeh,2024-11-10 20:44:02,2024
1a4fc9159633d481e38d5c101e9e65270bdaf213822fcad8fe74d26d7a2b465e,296d71a7f66e75b7,91aaff70ef7b0d7e,55cdc119d607e551,db2fc8aea5e4d81c,f3602ece1606872c,43eba83eee969f1e,e48dc30f6cbde6fe,c9ed1c765640c18d,2048c036bd9b18b5,e25c1203a442e6ba,2024-2025,Preta,Nao,22-24,24,7000.5,False,False,True,True,,,False,False,True,,Nao_ocorreram_layoffs/demissoes_em_massa_na_empresa_em_que_trabalho,,,,,,,,,,1.0,3.0,,,,,,6.0,,,,,,False,False,r6aarci08wupocp1fr6aa3tfbhd2gy3x,2024-11-19 18:15:01,2024
b71a1fa985ba8da8d29bd09dd824400f6c3ef7614144a09d727f09dd0d72085c,f5aeb0b6798a7470,fe17ae5e2eff92b0,55cdc119d607e551,1f52ebe07a196a36,cbb8b78dc192f1be,43eba83eee969f1e,a8345d98542c8fcb,7e9f6dc0fde56d40,982900b1b6b3c126,85595ffccc905ca5,2024-2025,Branca,Nao,22-24,24,5000.5,False,False,True,True,,,False,False,True,,Nao_ocorreram_layoffs/demissoes_em_massa_na_empresa_em_que_trabalho,,6.0,,,2.0,,,2.0,,,3.0,,1.0,5.0,2.0,,,2.0,1.0,1.0,1.0,True,False,False,e424xk0oy93x8ztj0ve4ckmnqxero249,2024-11-26 14:28:12,2024
ec27a897272502de229086c27b7fbaa7d8b62f0d97b1a5402555f714cb1b73fc,667e1c97e3c6f471,dbb936c8c1ffecd9,ecc6252a91d769cd,757645cf0ac935b1,cbb8b78dc192f1be,d68d5f833235fe5f,3053d057e7d49d8f,c9ed1c765640c18d,f719efb91c5dbcd8,5cc11ce5bfb49a2b,2024-2025,Branca,Nao,22-24,24,1500.5,False,False,True,False,,,False,False,True,,Nao_ocorreram_layoffs/demissoes_em_massa_na_empresa_em_que_trabalho,,,,,,,,,,,3.0,1.0,,,,,,,,,,,False,False,w1jpilk5mly4i48smgh2ew1jpil19kmk,2024-11-27 22:00:07,2024
9e8868af842ce8ec2de4047b5d84748e4bd495307e9a2aeac5981b97df79ca32,ce344a418127968f,e6a628f18955ffc3,ecc6252a91d769cd,1f52ebe07a196a36,f3602ece1606872c,d68d5f833235fe5f,fe3df6ab57602796,c9ed1c765640c18d,2048c036bd9b18b5,85595ffccc905ca5,2024-2025,Parda,Nao,22-24,24,5000.5,False,False,True,True,True,True,False,False,True,,Nao_ocorreram_layoffs/demissoes_em_massa_na_empresa_em_que_trabalho,,,,10.0,1.0,,,1.0,,1.0,3.0,,2.0,6.0,2.0,,3.0,4.0,1.0,1.0,2.0,True,False,True,ufbohflcv4cnfkaufbohyrwxpxk3m87e,2024-12-09 21:16:26,2024
c191d6697031aed8d9bddf320008a68d6f8490dda942645fa1ffbe735d38321d,d68956cd067ac773,e6a628f18955ffc3,92613a8f434050ae,78dcf54c346ca653,cbb8b78dc192f1be,45257b7dd1c84b75,fe3df6ab57602796,c9ed1c765640c18d,2de7e75800b84bf1,940f48d40481453d,2024-2025,Branca,Nao,22-24,24,14000.5,False,False,True,False,True,True,True,False,True,,"Sim,_ocorreram_layoffs/demissoes_em_massa_na_empresa_em_que_trabalho_mas_nao_fui_afetado",,,,9.0,4.0,,,1.0,,,3.0,3.0,2.0,4.0,2.0,,,4.0,1.0,1.0,2.0,True,False,True,mvf8tau7n92jzevlwnymnlmvf8tau7ns,2024-12-16 14:05:26,2024
d7ddf217c277181bae4041ba586cee424402a997945fba8d65e788ce14653f04,0df9e03357ae3a2b,fe17ae5e2eff92b0,ecc6252a91d769cd,460e4e0bd6b3cd1d,cbb8b78dc192f1be,43eba83eee969f1e,e48dc30f6cbde6fe,c9ed1c765640c18d,982900b1b6b3c126,5cc11ce5bfb49a2b,2024-2025,Parda,Nao,22-24,24,1500.5,False,False,True,False,,,False,False,True,,Nao_ocorreram_layoffs/demissoes_em_massa_na_empresa_em_que_trabalho,,3.0,,,2.0,,,1.0,,1.0,3.0,2.0,1.0,2.0,1.0,,,2.0,1.0,1.0,1.0,True,False,False,0jxuscqv8zmotz60jxgqgfaaojogflbf,2024-12-17 22:29:24,2024
9b26039e06780d710422a8568eee86db2b2c80d8ca2b084a1ed90b38880d2656,4d95e550b47c0122,fe17ae5e2eff92b0,92613a8f434050ae,78dcf54c346ca653,cbb8b78dc192f1be,43eba83eee969f1e,a8345d98542c8fcb,c9ed1c765640c18d,2048c036bd9b18b5,940f48d40481453d,2024-2025,Parda,Nao,25-29,25,14000.5,False,False,True,True,,,True,False,True,,"Sim,_ocorreram_layoffs/demissoes_em_massa_na_empresa_em_que_trabalho_mas_nao_fui_afetado",,11.0,,,1.0,,,1.0,,1.0,3.0,,1.0,6.0,3.0,,,2.0,1.0,1.0,1.0,True,False,False,pp7uvifewnojq15g39iupp7olzqmhafd,2024-10-15 13:00:40,2024
4a3e1163cd217a92ea599c17116dade39987671b4bf44a270ff28b9df6426cd9,f5aeb0b6798a7470,bc49c018363808cc,92613a8f434050ae,0e1e984e5bd7c32f,cbb8b78dc192f1be,d68d5f833235fe5f,fe3df6ab57602796,7e9f6dc0fde56d40,0e2cf1c49e48255b,940f48d40481453d,2024-2025,Parda,Nao,25-29,25,14000.5,False,False,True,True,True,True,True,False,True,,"Sim,_ocorreram_layoffs/demissoes_em_massa_na_empresa_em_que_trabalho_mas_nao_fui_afetado",,,,6.0,1.0,,,1.0,,1.0,2.0,,1.0,6.0,1.0,,3.0,3.0,1.0,1.0,1.0,True,False,True,qk33hcldfkwfvxih8qjqk33hraz5wacf,2024-10-15 14:18:56,2024
f62ef9b6aa7a8cc4de5bcd635b24687216db382e9f9aad685f13bc79930f95c4,f5aeb0b6798a7470,,,0a59d734aa225a41,cbb8b78dc192f1be,43eba83eee969f1e,936382867105808c,7e9f6dc0fde56d40,2048c036bd9b18b5,67d183cf4199ecb9,2024-2025,Branca,Nao,25-29,25,3500.5,True,False,True,False,,,False,False,True,Nao_e_uma_iniciativa_que_estamos_focando_e_nao_tem_sido_uma_prioridade.,Nao_ocorreram_layoffs/demissoes_em_massa_na_empresa_em_que_trabalho,,,,,,1.0,2.0,,8.0,,3.0,3.0,,,,,,2.0,,,,True,True,False,f2gj2n43tik3vk7rf2gjz9jzxzot1oyj,2024-10-16 11:57:00,2024
ec10248afa3ab8bc950c78b1ef1a9bbb23cb74bc648c38c8ac6f15e67b6b7409,f5aeb0b6798a7470,,,,cbb8b78dc192f1be,45257b7dd1c84b75,fe3df6ab57602796,,,,2024-2025,Preta,Nao,25-29,25,,,False,True,,,,,,True,,,,,,,,,,,,1.0,,,,,,,2.0,,,,,,False,False,k9v5h3ydmbf7tp6tkb9v6k9v5h75u0ue,2024-10-18 15:27:49,2024
efb496954b8fcefbbc7f141efc99e24a4c9d2b8ec4975098633ff4c650a12576,f5aeb0b6798a7470,fe17ae5e2eff92b0,55cdc119d607e551,78dcf54c346ca653,cbb8b78dc192f1be,43eba83eee969f1e,936382867105808c,7e9f6dc0fde56d40,2de7e75800b84bf1,d95903abcbe2576f,2024-2025,Branca,Nao,25-29,25,10000.5,False,False,True,True,True,False,True,False,True,,"Sim,_ocorreram_layoffs/demissoes_em_massa_na_empresa_em_que_trabalho_mas_nao_fui_afetado",,,,8.0,1.0,,,1.0,,,3.0,,1.0,6.0,2.0,,,2.0,1.0,1.0,1.0,True,False,True,2xur4hpbsalhhezzkx2xur4hrazzl39u,2024-10-21 11:34:00,2024
1e0ac602ba65324055a333a273276862fbc28df0615e59e8b3e7ff59badcbf33,f5aeb0b6798a7470,f4309b3f4ebdc8d0,55cdc119d607e551,0e1e984e5bd7c32f,cbb8b78dc192f1be,2833afa24eae7ac7,3053d057e7d49d8f,3274ca06d4c94bff,2048c036bd9b18b5,e25c1203a442e6ba,2024-2025,Branca,Nao,25-29,25,7000.5,False,False,True,True,,,True,False,True,,"Sim,_ocorreram_layoffs/demissoes_em_massa_na_empresa_em_que_trabalho_mas_nao_fui_afetado",,8.0,,,2.0,,,1.0,,,3.0,,2.0,5.0,2.0,,,3.0,1.0,1.0,2.0,True,False,False,4atv4forh8o9zulp994atv4hmmeoyog5,2024-10-21 13:19:45,2024
a4e420fc315e2c14a50c6e2912dd7a8c20d92f390206051df1eb4461d0333878,f5aeb0b6798a7470,e6a628f18955ffc3,92613a8f434050ae,0e1e984e5bd7c32f,cbb8b78dc192f1be,43eba83eee969f1e,fe3df6ab57602796,3274ca06d4c94bff,2048c036bd9b18b5,c142a48bfad4a258,2024-2025,Amarela,Nao,25-29,25,18000.5,False,False,True,True,True,True,False,False,True,,Nao_ocorreram_layoffs/demissoes_em_massa_na_empresa_em_que_trabalho,,,,12.0,6.0,,,1.0,,1.0,3.0,,2.0,8.0,3.0,,,7.0,1.0,1.0,2.0,True,False,True,bdld4ulga64xqs58kaxkwbdld7p09djn,2024-11-04 11:57:32,2024
6bbc9254417cc90d83c1938ba55bb832c18ef63dfb7d4a585e4ab430c22c2a8e,f5aeb0b6798a7470,c2746be945b965d3,55cdc119d607e551,69e1b53db3e87dcd,cbb8b78dc192f1be,43eba83eee969f1e,a8345d98542c8fcb,3274ca06d4c94bff,2048c036bd9b18b5,d95903abcbe2576f,2024-2025,Branca,Nao,25-29,25,10000.5,False,False,True,True,,,True,True,True,,"Sim,_ocorreram_layoffs/demissoes_em_massa_na_empresa_em_que_trabalhava_e_eu_fui_afetado",,,11.0,,1.0,,,2.0,,,3.0,,1.0,4.0,2.0,,,2.0,1.0,1.0,1.0,True,False,False,q29tcmxdkmbxkq2nlqii1lyjv03jwtrl,2024-11-05 21:11:01,2024
6266d5ad3fcd30dc86f66142c3716ae675e4abf1317c14b1da18bbf205146171,c3972ccd73541907,fe17ae5e2eff92b0,ecc6252a91d769cd,e551bb41f4b028d9,cbb8b78dc192f1be,43eba83eee969f1e,a8345d98542c8fcb,0569ab4f29228b28,2048c036bd9b18b5,85595ffccc905ca5,2024-2025,Parda,Nao,25-29,25,5000.5,False,False,True,True,,,True,False,True,,"Sim,_ocorreram_layoffs/demissoes_em_massa_na_empresa_em_que_trabalho_mas_nao_fui_afetado",,9.0,,,1.0,,,1.0,,1.0,1.0,,1.0,3.0,1.0,,1.0,2.0,1.0,1.0,1.0,True,False,False,mq6p9t7086rshyb4mq6p9t7v6it1upkv,2024-11-11 03:50:06,2024
ad0bafce04bd5db98fa437384d89dd58a4eba1716198c0bd83dff3d42d3696ff,f5aeb0b6798a7470,c2746be945b965d3,ecc6252a91d769cd,78dcf54c346ca653,f3602ece1606872c,43eba83eee969f1e,fe3df6ab57602796,c9ed1c765640c18d,982900b1b6b3c126,85595ffccc905ca5,2024-2025,Parda,Nao,25-29,25,5000.5,False,False,True,False,,,True,False,True,,"Sim,_ocorreram_layoffs/demissoes_em_massa_na_empresa_em_que_trabalho_mas_nao_fui_afetado",,,12.0,,1.0,,,1.0,,1.0,3.0,3.0,1.0,4.0,1.0,,,5.0,1.0,1.0,1.0,True,False,False,lrf4fxf7467r3bvtblrf4fxf6xpa2r93,2024-11-11 12:35:10,2024
9f319d7ff89a611b80cd9bd11cb9bffdba078802897da022a21ccc4064ba0bd4,ce344a418127968f,,,,cbb8b78dc192f1be,16c285b87fe12145,,,,,2024-2025,Preta,Nao,25-29,25,,,False,True,,,,,,True,,,,,,,,,,,,1.0,,,,,,,,,,,,,False,False,39c0gkypmtg33g8fmoctl39c0gky34sp,2024-11-11 20:38:40,2024
27d9e57c8e25c9e4878ad49e26fec73a588e32aae76bf8aeeeb001d380908773,0df9e03357ae3a2b,dbb936c8c1ffecd9,ecc6252a91d769cd,8d8376636f8ade6f,cbb8b78dc192f1be,d68d5f833235fe5f,3053d057e7d49d8f,0569ab4f29228b28,f719efb91c5dbcd8,5cc11ce5bfb49a2b,2024-2025,Parda,Nao,25-29,25,1500.5,False,False,True,True,,,False,False,True,,Nao_ocorreram_layoffs/demissoes_em_massa_na_empresa_em_que_trabalho,,,,,,,,,,1.0,2.0,,,,,,1.0,,,,,,False,False,hvs8tbrb2idq0r0up884hvs8tbtlurte,2024-11-18 11:02:32,2024
5a54583bbd98d3d8c8aa9c797e51ab505998817be3e941edfe9e9277cea4b9b4,296d71a7f66e75b7,c2746be945b965d3,55cdc119d607e551,8d8376636f8ade6f,cbb8b78dc192f1be,d68d5f833235fe5f,fe3df6ab57602796,c9ed1c765640c18d,2048c036bd9b18b5,e25c1203a442e6ba,2024-2025,Preta,Nao,25-29,25,7000.5,False,False,True,False,,,False,False,True,,Nao_ocorreram_layoffs/demissoes_em_massa_na_empresa_em_que_trabalho,,,14.0,,4.0,,,4.0,,1.0,2.0,1.0,4.0,8.0,2.0,,4.0,6.0,1.0,1.0,3.0,True,False,False,4iuwru7iwyb4u52ho4iuwazm4svj0ojd,2024-11-23 13:00:00,2024
8213463512cde56b276353ad5f23d2f8be336ac6d3bf1c9f413546b243567d9d,ce344a418127968f,dbb936c8c1ffecd9,ecc6252a91d769cd,8d8376636f8ade6f,cbb8b78dc192f1be,43eba83eee969f1e,936382867105808c,0569ab4f29228b28,f719efb91c5dbcd8,67d183cf4199ecb9,2024-2025,Parda,Nao,25-29,25,3500.5,False,False,True,True,,,False,False,True,,Nao_ocorreram_layoffs/demissoes_em_massa_na_empresa_em_que_trabalho,,,,,1.0,,,1.0,,1.0,1.0,,1.0,3.0,0.0,,,2.0,,1.0,1.0,False,False,False,6mnvox6usm62t958v6mnv8gtl3kai1wb,2024-11-24 11:53:36,2024
1dad729fe4fbe566e230052ee3d1f5091e4cb63c4bd37db00d635389db10b279,4a3161bbf086290c,fe17ae5e2eff92b0,ecc6252a91d769cd,dbb936c8c1ffecd9,cbb8b78dc192f1be,43eba83eee969f1e,fe3df6ab57602796,0569ab4f29228b28,982900b1b6b3c126,67d183cf4199ecb9,2024-2025,Branca,Nao,25-29,25,3500.5,False,False,True,False,,,False,False,True,,Nao_ocorreram_layoffs/demissoes_em_massa_na_empresa_em_que_trabalho,,9.0,,,1.0,,,1.0,,,3.0,3.0,1.0,6.0,4.0,,,2.0,1.0,1.0,1.0,True,False,False,awjlpoapx6yfxd9qcmawjlp584t89pm9,2024-11-28 14:28:24,2024
01a92a8585777c3ee2619022abe77abf590b7986fa2870f065d7e62342a09dfc,86a7f47b333770c6,c2746be945b965d3,92613a8f434050ae,0e1e984e5bd7c32f,cbb8b78dc192f1be,2833afa24eae7ac7,a8345d98542c8fcb,c9ed1c765640c18d,2de7e75800b84bf1,940f48d40481453d,2024-2025,Parda,Nao,25-29,25,14000.5,False,False,True,True,,,False,False,True,,Nao_ocorreram_layoffs/demissoes_em_massa_na_empresa_em_que_trabalho,,,12.0,,1.0,,,1.0,,1.0,3.0,,1.0,5.0,4.0,,,4.0,1.0,1.0,1.0,True,False,False,116409j4orj5k8pnge116409yzjx0p2e,2024-12-03 12:51:05,2024
52f71665216bfdee8ab013523538e30350405542241a014badd0987288c951a1,6f496e9738ca13d1,c2746be945b965d3,ecc6252a91d769cd,4e117ea5e7a4c94d,cbb8b78dc192f1be,43eba83eee969f1e,fe3df6ab57602796,c9ed1c765640c18d,982900b1b6b3c126,d95903abcbe2576f,2024-2025,Branca,Nao,25-29,25,10000.5,False,False,True,True,,,False,False,True,,Nao_ocorreram_layoffs/demissoes_em_massa_na_empresa_em_que_trabalho,,,21.0,,1.0,,,1.0,,,1.0,,2.0,5.0,4.0,,,3.0,1.0,1.0,2.0,True,False,False,a3ftwcsd14zyl8ia3f5nxbb63n793hjz,2024-12-09 17:33:47,2024
aa99ed65f05226053ef7155f00e928a92d463a15396986ccbbdcd8cd473198d0,a0f949497a74dde0,e6a628f18955ffc3,ecc6252a91d769cd,db2fc8aea5e4d81c,cbb8b78dc192f1be,43eba83eee969f1e,fe3df6ab57602796,c9ed1c765640c18d,982900b1b6b3c126,85595ffccc905ca5,2024-2025,Preta,Nao,25-29,25,5000.5,False,False,True,True,True,False,False,False,True,,Nao_ocorreram_layoffs/demissoes_em_massa_na_empresa_em_que_trabalho,,,,5.0,3.0,,,1.0,,1.0,3.0,,1.0,6.0,2.0,,,2.0,1.0,1.0,1.0,True,False,True,6q9qo5ulzcq4raxvj6q9q0ylq3uirgjj,2024-12-09 18:15:14,2024
0b445c7bc02d6e11e56c3fa6086e6e450f6595560ba8940d9edb8a888353f48f,f5aeb0b6798a7470,c2746be945b965d3,55cdc119d607e551,8d8376636f8ade6f,cbb8b78dc192f1be,43eba83eee969f1e,936382867105808c,0569ab4f29228b28,982900b1b6b3c126,85595ffccc905ca5,2024-2025,Parda,Nao,25-29,25,5000.5,False,False,True,False,,,False,False,True,,Nao_ocorreram_layoffs/demissoes_em_massa_na_empresa_em_que_trabalho,,,20.0,,2.0,,,1.0,,1.0,3.0,3.0,2.0,6.0,3.0,,5.0,3.0,1.0,1.0,2.0,True,False,False,ciollekzosbny87ciogt570hlxqejnrf,2024-12-09 20:37:48,2024
a02aff50d2ee69d107b8c12f5b4321f3ab14d6594ada39c3ab11edea4377ac49,f5aeb0b6798a7470,fe17ae5e2eff92b0,55cdc119d607e551,0e1e984e5bd7c32f,cbb8b78dc192f1be,43eba83eee969f1e,e48dc30f6cbde6fe,7e9f6dc0fde56d40,2048c036bd9b18b5,d95903abcbe2576f,2024-2025,Branca,Nao,25-29,25,10000.5,False,False,True,True,True,,False,False,True,,Nao_ocorreram_layoffs/demissoes_em_massa_na_empresa_em_que_trabalho,,,,8.0,1.0,,,1.0,,,3.0,,2.0,4.0,2.0,,,2.0,1.0,1.0,2.0,True,False,True,inkftmeopryndizl6mzinkftmofb0v8t,2024-12-10 01:10:01,2024
daa31059e770595fc52b8854cea84b452f01ebd055c33eff45be11352aca8a30,6f496e9738ca13d1,,,460e4e0bd6b3cd1d,f3602ece1606872c,45257b7dd1c84b75,e48dc30f6cbde6fe,c9ed1c765640c18d,982900b1b6b3c126,67d183cf4199ecb9,2024-2025,Branca,Nao,25-29,25,3500.5,True,False,True,False,,,False,False,True,Nao_e_uma_iniciativa_que_estamos_focando_e_nao_tem_sido_uma_prioridade.,Nao_ocorreram_layoffs/demissoes_em_massa_na_empresa_em_que_trabalho,,,,,,1.0,1.0,,8.0,1.0,3.0,3.0,,,,,5.0,1.0,,,,True,True,False,i1fx8jv06wxvdj1b6j74tovi1fx8jej0,2024-12-12 00:26:56,2024
77d3980a7cd575adad7d8652e7f41eee1413b874c37d6c979d9c1730f8061026,c3972ccd73541907,fe17ae5e2eff92b0,55cdc119d607e551,f5904cf7a1231a7a,cbb8b78dc192f1be,43eba83eee969f1e,a8345d98542c8fcb,c9ed1c765640c18d,2048c036bd9b18b5,85595ffccc905ca5,2024-2025,Branca,Nao,25-29,26,5000.5,False,False,True,False,,,True,False,True,,"Sim,_ocorreram_layoffs/demissoes_em_massa_na_empresa_em_que_trabalho_mas_nao_fui_afetado",,9.0,,,4.0,,,2.0,,,3.0,3.0,3.0,6.0,2.0,,,4.0,1.0,1.0,2.0,True,False,False,ggndu70276p6o0110w0eggndu7d0ubpn,2024-10-14 10:53:52,2024
3d0dc37d8f071dfa4e30b734caf1981087967d6716498a82d3a2531d5852258d,f5aeb0b6798a7470,22254c459c370bc8,ecc6252a91d769cd,0e1e984e5bd7c32f,f3602ece1606872c,43eba83eee969f1e,fe3df6ab57602796,7e9f6dc0fde56d40,982900b1b6b3c126,e25c1203a442e6ba,2025-2026,Branca,Nao,30-34,30,7000.5,False,False,True,True,,,True,False,True,,"Sim,_ocorreram_layoffs/demissoes_em_massa_na_empresa_em_que_trabalho_mas_nao_fui_afetado",,,,,3.0,,,1.0,,1.0,3.0,,3.0,2.0,2.0,,5.0,6.0,2.0,1.0,3.0,True,False,False,0z4zyz2c8h97geuk0z4in3nhorg4kmkc,2025-10-20 10:35:35,2025
5402e96b788cba5b0ce695af6394b31caf3feb128f0b0ea3e8ef8eee8eb85fcc,d68956cd067ac773,c2746be945b965d3,55cdc119d607e551,78dcf54c346ca653,f3602ece1606872c,43eba83eee969f1e,fe3df6ab57602796,c9ed1c765640c18d,982900b1b6b3c126,e25c1203a442e6ba,2025-2026,Amarela,Nao,25-29,28,7000.5,False,False,True,True,,,True,False,True,,"Sim,_ocorreram_layoffs/demissoes_em_massa_na_empresa_em_que_trabalho_mas_nao_fui_afetado",,,16.0,,4.0,,,1.0,,1.0,3.0,,1.0,3.0,1.0,,3.0,4.0,1.0,1.0,1.0,True,False,False,u5uja0ocgjm6yvncxs8n7u5ujal5nt6i,2025-10-20 10:37:13,2025
ea2450682cf914c8033a1eb853ab9032b66b6a431b6d9733971a3bd1a254a507,6f496e9738ca13d1,c518a4f98887a30b,ecc6252a91d769cd,a4ae60a328c87d96,f3602ece1606872c,43eba83eee969f1e,e48dc30f6cbde6fe,c9ed1c765640c18d,9de61584ed97694c,67d183cf4199ecb9,2025-2026,Parda,Nao,30-34,31,3500.5,False,False,True,True,,,True,True,True,,"Sim,_ocorreram_layoffs/demissoes_em_massa_na_empresa_em_que_trabalhava_e_eu_fui_afetado",,6.0,,,1.0,,,1.0,,1.0,3.0,,1.0,2.0,2.0,,4.0,3.0,2.0,1.0,1.0,True,False,False,nbcawvt3kc76urhpdc9onbcawvoicu2t,2025-10-20 10:47:55,2025
7a01c2805f79fcd4e2c3fe1cca8a55fa6aced3a8bbdbeaf42af9a2f67917162c,f5aeb0b6798a7470,fe17ae5e2eff92b0,911d0b99409727d3,4e117ea5e7a4c94d,f3602ece1606872c,2833afa24eae7ac7,936382867105808c,c9ed1c765640c18d,2048c036bd9b18b5,940f48d40481453d,2025-2026,Branca,Nao,40-44,42,14000.5,False,False,True,True,,,True,False,False,,"Sim,_ocorreram_layoffs/demissoes_em_massa_na_empresa_em_que_trabalho_mas_nao_fui_afetado",,10.0,,,1.0,,,1.0,,1.0,3.0,,1.0,3.0,1.0,,,2.0,1.0,1.0,1.0,True,False,False,f7bc09usj77c32f7bqzqywwn3t3tytqz,2025-10-20 10:50:48,2025
4fac4987233ef3af62e7142b589812e3d7c770132aa5da9265ed0d9987b51895,f5aeb0b6798a7470,fe17ae5e2eff92b0,ecc6252a91d769cd,dbb936c8c1ffecd9,cbb8b78dc192f1be,43eba83eee969f1e,fe3df6ab57602796,c9ed1c765640c18d,982900b1b6b3c126,5cc11ce5bfb49a2b,2025-2026,Branca,Nao,22-24,24,1500.5,False,False,True,True,,,False,False,True,,Nao_ocorreram_layoffs/demissoes_em_massa_na_empresa_em_que_trabalho,,5.0,,,1.0,,,1.0,,,3.0,,1.0,1.0,2.0,,,2.0,2.0,1.0,1.0,True,False,False,we1spc5hlr1mp5yao2we1sp1oek9g66g,2025-10-20 11:23:32,2025
0f8dd4ced1ddb5d8a86cf145f77226f6146c1d1a29bd84df6d653687c0b65db8,667e1c97e3c6f471,c2746be945b965d3,55cdc119d607e551,0e1e984e5bd7c32f,f3602ece1606872c,45257b7dd1c84b75,936382867105808c,3274ca06d4c94bff,2048c036bd9b18b5,67d183cf4199ecb9,2025-2026,Branca,Nao,30-34,30,3500.5,False,False,True,True,,,False,False,True,,Nao_ocorreram_layoffs/demissoes_em_massa_na_empresa_em_que_trabalho,,,13.0,,1.0,,,1.0,,1.0,3.0,,1.0,4.0,2.0,,8.0,6.0,2.0,1.0,1.0,True,False,False,4azsdkj8n7n5kbj4azs27oqxnmg1s1po,2025-10-20 11:25:11,2025
f656ce314ac189bac727a5d2426bde5cfcf77459597db3b42c97372cc6e2ed8f,f5aeb0b6798a7470,e6a628f18955ffc3,55cdc119d607e551,757645cf0ac935b1,f3602ece1606872c,2833afa24eae7ac7,fe3df6ab57602796,3274ca06d4c94bff,982900b1b6b3c126,e25c1203a442e6ba,2025-2026,Branca,Nao,25-29,28,7000.5,False,False,True,True,True,False,True,False,True,,"Sim,_ocorreram_layoffs/demissoes_em_massa_na_empresa_em_que_trabalho_mas_nao_fui_afetado",,,,10.0,1.0,,,1.0,,1.0,3.0,,1.0,3.0,1.0,,6.0,2.0,1.0,1.0,1.0,True,False,True,jj1qktiuh7e0zhjkbzzzjj1qkti28wzr,2025-10-20 11:41:01,2025
64665311e766f76b015cf28bb2b4440aa4a89d47890f3d7649b16110edb60143,294763754a8efd4c,e6a628f18955ffc3,55cdc119d607e551,db2fc8aea5e4d81c,cbb8b78dc192f1be,2833afa24eae7ac7,a8345d98542c8fcb,c9ed1c765640c18d,2de7e75800b84bf1,e25c1203a442e6ba,2025-2026,Branca,Nao,35-39,38,7000.5,False,False,True,True,,,True,False,True,,"Sim,_ocorreram_layoffs/demissoes_em_massa_na_empresa_em_que_trabalho_mas_nao_fui_afetado",,,,,2.0,,,1.0,,,1.0,,1.0,3.0,2.0,,,2.0,2.0,1.0,2.0,True,False,False,0ppthc3xll1wobt30x00ppthkpe7bj9v,2025-10-20 11:52:33,2025
fbb503f4f9578608824525e78defa6944e6246a737c6b36edfe99b2a832431a1,6f496e9738ca13d1,e6a628f18955ffc3,92613a8f434050ae,5835bc43ea92d4c5,cbb8b78dc192f1be,2833afa24eae7ac7,fe3df6ab57602796,c9ed1c765640c18d,2de7e75800b84bf1,d95903abcbe2576f,2025-2026,Branca,Nao,35-39,35,10000.5,False,False,True,False,True,True,False,False,True,,Nao_ocorreram_layoffs/demissoes_em_massa_na_empresa_em_que_trabalho,,,,10.0,2.0,,,1.0,,,3.0,1.0,1.0,4.0,2.0,,,2.0,2.0,1.0,1.0,True,False,True,oixvdmpymnlnfdju1mntoixvdmbsfdg9,2025-10-20 11:59:10,2025
eee530d7e563e72ac4ad9640b1db5d81e76dee943d436ef54f940c53bae007b1,d68956cd067ac773,e6a628f18955ffc3,55cdc119d607e551,78dcf54c346ca653,f3602ece1606872c,2833afa24eae7ac7,f8f6d420549b37fb,c9ed1c765640c18d,2048c036bd9b18b5,d95903abcbe2576f,2025-2026,Parda,Nao,25-29,29,10000.5,False,False,True,True,True,True,False,False,True,,Nao_ocorreram_layoffs/demissoes_em_massa_na_empresa_em_que_trabalho,,,,10.0,7.0,,,1.0,,1.0,3.0,,5.0,5.0,3.0,,7.0,4.0,3.0,1.0,5.0,True,False,True,b900r78xh2jyxwe1aoa0fvb900r78yb5,2025-10-20 12:22:23,2025
23586e939f9bcd503c217a884eddf1ee56175036b4bef05141d017af3dad4d2c,a0f949497a74dde0,,,0e1e984e5bd7c32f,cbb8b78dc192f1be,2833afa24eae7ac7,fe3df6ab57602796,0569ab4f29228b28,2de7e75800b84bf1,77ec651ae4aaf72e,2025-2026,Parda,Nao,45-49,45,22500.5,True,False,True,True,,,False,False,True,"Sim,_esta_entre_nossas_principais_prioridades_para_os_proximos_2-4_anos_(com_discussoes_de_iniciativas_e_orcamentos_de_curto_a_medio_prazo).",Nao_ocorreram_layoffs/demissoes_em_massa_na_empresa_em_que_trabalho,"Em_partes._Temos_alguns_projetos_""piloto"",_envolvendo_AI_Generativa_e_Modelos_LLM,_rodando_mas_sem_muitos_resultados_e_impacto_no_negocio.",,,,,2.0,7.0,,12.0,1.0,3.0,,,,,,,6.0,,,,True,True,False,bq1fhjhbc7f04rf0hvxbq1fhjh8ozv48,2025-10-20 12:39:50,2025
d71502ec8fcf527874618e72d43d96e94feb42bdbdf1191f667561f4a366da9a,f5aeb0b6798a7470,,,db2fc8aea5e4d81c,cbb8b78dc192f1be,2833afa24eae7ac7,30f4c671715c7fba,c9ed1c765640c18d,2048c036bd9b18b5,e25c1203a442e6ba,2025-2026,Parda,Nao,22-24,24,7000.5,True,False,True,True,,,False,False,False,Nao_e_uma_iniciativa_que_estamos_focando_e_nao_tem_sido_uma_prioridade.,Nao_ocorreram_layoffs/demissoes_em_massa_na_empresa_em_que_trabalho,"Nao,_ainda_nao_comecamos_nenhum_projeto_envolvendo_AI_Generativa_e_Modelos_LLM.",,,,,1.0,1.0,,4.0,1.0,3.0,,,,,,,2.0,,,,True,True,False,j3hwlflphj3hv3pj3hw9yyptqkhm9uqv,2025-10-20 12:40:28,2025
4c4b06666473b04ecec4aa7cf241564a5575fdc24698fd0c42065eabc8231dd2,c3972ccd73541907,,,0e1e984e5bd7c32f,cbb8b78dc192f1be,2833afa24eae7ac7,936382867105808c,0569ab4f29228b28,f719efb91c5dbcd8,53da782f7c8647e0,2025-2026,Branca,Nao,55+,56,40001.0,True,False,True,True,,,False,False,True,Nao_sei_opinar_sobre_esse_assunto.,Nao_ocorreram_layoffs/demissoes_em_massa_na_empresa_em_que_trabalho,Nao_sei_opinar_sobre_isso.,,,,,,,,2.0,,1.0,,,,,,,1.0,,,,True,True,False,iiq1l0bcbju2sf1g6lrqiiq1l0nexd5o,2025-10-20 13:38:14,2025
9fd88395466122f7a641d23d7fbc4aec13e1e31e7f5323b2fc651a0c75ac9c44,,cb6d01a5d97e4b3e,92613a8f434050ae,db2fc8aea5e4d81c,cbb8b78dc192f1be,43eba83eee969f1e,a8345d98542c8fcb,7e9f6dc0fde56d40,0e2cf1c49e48255b,38f8b03d1890969c,2025-2026,Branca,Nao,30-34,31,27500.5,False,False,False,True,,,False,False,True,,Nao_ocorreram_layoffs/demissoes_em_massa_na_empresa_em_que_trabalho,,11.0,,,8.0,,,1.0,,,3.0,,2.0,4.0,2.0,,,4.0,2.0,1.0,2.0,True,False,False,tp3gi8qu4uyco9ewzokgxtp3gi8qkc9b,2025-10-20 13:57:29,2025
10b1976312b2b963511007cb405468a1310886abb8aae93dbea594149135d57c,c8f48a68649d1cae,,,0e1e984e5bd7c32f,cbb8b78dc192f1be,45257b7dd1c84b75,f8f6d420549b37fb,c9ed1c765640c18d,2de7e75800b84bf1,38f8b03d1890969c,2025-2026,Preta,Nao,30-34,34,27500.5,True,False,True,True,,,True,False,True,"Sim,_esta_entre_nossas_principais_prioridades_para_os_proximos_2-4_anos_(com_discussoes_de_iniciativas_e_orcamentos_de_curto_a_medio_prazo).","Sim,_ocorreram_layoffs/demissoes_em_massa_na_empresa_em_que_trabalho_mas_nao_fui_afetado","Sim._Temos_projetos_envolvendo_AI_Generativa_e_Modelos_LLM_em_producao,_gerando_resultados_e_impacto_no_negocio.",,,,,2.0,9.0,,9.0,1.0,3.0,,,,,,9.0,5.0,,,,True,True,False,yrfquzvr40dx2n2xo4cyrfq5n9e50ubj,2025-10-20 14:09:27,2025
a27f4f1a98b9126c0afd8dec3ab1389722d8c1a74ae92dfce9041e4e2f00a1e0,32da6721804f1dd3,fe17ae5e2eff92b0,55cdc119d607e551,69e1b53db3e87dcd,cbb8b78dc192f1be,43eba83eee969f1e,936382867105808c,7e9f6dc0fde56d40,982900b1b6b3c126,e25c1203a442e6ba,2025-2026,Parda,Nao,25-29,26,7000.5,False,False,True,False,,,False,False,True,,Nao_ocorreram_layoffs/demissoes_em_massa_na_empresa_em_que_trabalho,,11.0,,,5.0,,,1.0,,1.0,3.0,3.0,1.0,4.0,1.0,,,5.0,1.0,1.0,1.0,True,False,False,2c72syvnzostro2c72jb88grrdnzn4xa,2025-10-20 14:26:38,2025
1740a578ccdcb1f1d84f2198209a524e2cff0bc221c69cc57814640c1c7e2a36,f5aeb0b6798a7470,,,757645cf0ac935b1,f3602ece1606872c,2833afa24eae7ac7,a8345d98542c8fcb,7e9f6dc0fde56d40,0e2cf1c49e48255b,c142a48bfad4a258,2025-2026,Parda,Nao,35-39,37,18000.5,True,False,True,True,,,False,False,True,"Mais_ou_menos..._E_uma_das_varias_iniciativas_que_estamos_impulsionando,_mas_nao_e_uma_prioridade_(tratam-se_de_iniciativas_isoladas_e_com_pouco_foco).",Nao_ocorreram_layoffs/demissoes_em_massa_na_empresa_em_que_trabalho,"Nao._Os_projetos_envolvendo_AI_Generativa_e_Modelos_LLM,_ainda_estao_em_fase_de_investigacao_e_planejamento.",,,,,1.0,1.0,,9.0,1.0,3.0,,,,,,,3.0,,,,True,True,False,rh3kh2grbag9ns8hhtrh3kh48lvwh0js,2025-10-20 15:05:57,2025
c62d9b05d55709e711fd746f2b454be89721bc68aa981d3da9c6cb6e74cb2709,4a3161bbf086290c,fe17ae5e2eff92b0,55cdc119d607e551,0e1e984e5bd7c32f,cbb8b78dc192f1be,2833afa24eae7ac7,fe3df6ab57602796,3274ca06d4c94bff,2de7e75800b84bf1,e25c1203a442e6ba,2025-2026,Branca,Nao,30-34,31,7000.5,False,False,True,True,,,False,False,True,,Nao_ocorreram_layoffs/demissoes_em_massa_na_empresa_em_que_trabalho,,14.0,,,3.0,,,1.0,,,3.0,,2.0,2.0,2.0,,,2.0,2.0,1.0,3.0,True,False,False,poqqwlnqdulcoxzjplgpoqqwlnqnkk8p,2025-10-20 15:26:50,2025
68b84fc30dea4d2acb757bc502d2a2058d1e127b8c050e742f0c635f814ffd4f,32da6721804f1dd3,e6a628f18955ffc3,55cdc119d607e551,a4ae60a328c87d96,cbb8b78dc192f1be,43eba83eee969f1e,fe3df6ab57602796,c9ed1c765640c18d,2de7e75800b84bf1,c142a48bfad4a258,2025-2026,Parda,Nao,25-29,25,18000.5,False,False,True,True,True,True,False,False,True,,Nao_ocorreram_layoffs/demissoes_em_massa_na_empresa_em_que_trabalho,,,,11.0,3.0,,,1.0,,1.0,3.0,,1.0,3.0,2.0,,,2.0,2.0,1.0,1.0,True,False,True,zavti04sbucksknezavgpbq9hmtxhld1,2025-10-20 15:27:41,2025
524ac6e04d95abffca8fcbfda140c4595c43b878ae81be67e372079e250b8c21,f5aeb0b6798a7470,c518a4f98887a30b,92613a8f434050ae,db2fc8aea5e4d81c,cbb8b78dc192f1be,43eba83eee969f1e,046a83f0313b93ce,c9ed1c765640c18d,2048c036bd9b18b5,d95903abcbe2576f,2025-2026,Branca,Nao,25-29,26,10000.5,False,False,True,True,,,False,False,True,,Nao_ocorreram_layoffs/demissoes_em_massa_na_empresa_em_que_trabalho,,11.0,,,1.0,,,1.0,,,3.0,,2.0,2.0,2.0,,,3.0,2.0,1.0,2.0,True,False,False,tgaox95q5x2znt9aemkinmp40tgaox95,2025-10-20 15:37:26,2025
a491bd6ab73fa85dfda80fe0e0b2fd19d32df964536e6e3fe6b1baf132098705,294763754a8efd4c,c2746be945b965d3,92613a8f434050ae,dbb936c8c1ffecd9,cbb8b78dc192f1be,45257b7dd1c84b75,a8345d98542c8fcb,c9ed1c765640c18d,2de7e75800b84bf1,c142a48bfad4a258,2025-2026,Branca,Nao,40-44,40,18000.5,False,False,True,False,,,False,False,True,,Nao_ocorreram_layoffs/demissoes_em_massa_na_empresa_em_que_trabalho,,,13.0,,4.0,,,1.0,,,3.0,1.0,1.0,2.0,2.0,,,6.0,2.0,1.0,1.0,True,False,False,1hkufx4no5c81n1hkewxmyr2e9obvzot,2025-10-20 17:49:27,2025
c30d47107b162d18db10a2e26402df6a62b8d2abc4caff10ac3e400c32cebcc4,f5aeb0b6798a7470,fe17ae5e2eff92b0,55cdc119d607e551,0e1e984e5bd7c32f,f3602ece1606872c,43eba83eee969f1e,a8345d98542c8fcb,3274ca06d4c94bff,2048c036bd9b18b5,e25c1203a442e6ba,2025-2026,Branca,Nao,25-29,25,7000.5,False,False,True,True,,,True,False,True,,"Sim,_ocorreram_layoffs/demissoes_em_massa_na_empresa_em_que_trabalho_mas_nao_fui_afetado",,10.0,,,5.0,,,1.0,,1.0,3.0,,1.0,2.0,2.0,,1.0,5.0,2.0,1.0,1.0,True,False,False,wyca5bgwtjoh065psalhwyca5hlrfayy,2025-10-20 18:11:18,2025
41728e5226cd8458e3d4c662b0c4d2a5d1dcd873a9b130733e54dc60560fc5cc,f5aeb0b6798a7470,,,,cbb8b78dc192f1be,43eba83eee969f1e,936382867105808c,,,,2025-2026,Parda,Sim,30-34,32,,,True,True,,,,,,True,,,,,,,,,,,,1.0,,,,,,,,,,,,,False,False,ylj9pa1rh87b2a8zcuzilqylj9pa11ro,2025-10-20 18:43:43,2025
9166d2175b8ba76c0ef8e5c510f1bd03df561c6194ff1dcfc954374583a774f1,4a3161bbf086290c,c518a4f98887a30b,ecc6252a91d769cd,0e1e984e5bd7c32f,cbb8b78dc192f1be,2833afa24eae7ac7,30f4c671715c7fba,3274ca06d4c94bff,982900b1b6b3c126,d95903abcbe2576f,2025-2026,Branca,Nao,35-39,39,10000.5,False,False,True,True,,,False,False,False,,Nao_ocorreram_layoffs/demissoes_em_massa_na_empresa_em_que_trabalho,,11.0,,,6.0,,,1.0,,,3.0,,2.0,2.0,2.0,,,5.0,2.0,1.0,2.0,True,False,False,vuiv7onydokvnd0b31qvuiv7oaoaslo7,2025-10-20 23:02:34,2025
d30ab78df824f5a7b0709f93cc7e9ae2ee8892d137cc672f7bd53d9c9e7d8ef9,f5aeb0b6798a7470,c2746be945b965d3,911d0b99409727d3,0e1e984e5bd7c32f,cbb8b78dc192f1be,a7d05515eec02b7a,a8345d98542c8fcb,7e9f6dc0fde56d40,2048c036bd9b18b5,a78cd477da7a2759,2025-2026,Branca,Nao,35-39,36,35000.5,False,False,True,True,,,True,False,False,,"Sim,_ocorreram_layoffs/demissoes_em_massa_na_empresa_em_que_trabalho_mas_nao_fui_afetado",,12.0,,,2.0,,,2.0,,,3.0,,1.0,3.0,2.0,,,2.0,2.0,1.0,1.0,True,False,False,91h0r69pvom05erzd74x91h0r6ui9u38,2025-10-21 00:00:36,2025
401e3ae4298553c12e06c5df5888f6844a253386c0c5fc57d21f93cd8145ac0b,f5aeb0b6798a7470,dbb936c8c1ffecd9,55cdc119d607e551,dbb936c8c1ffecd9,cbb8b78dc192f1be,43eba83eee969f1e,30f4c671715c7fba,7e9f6dc0fde56d40,2048c036bd9b18b5,d95903abcbe2576f,2025-2026,Parda,Nao,25-29,25,10000.5,False,False,True,False,,,False,False,False,,Nao_ocorreram_layoffs/demissoes_em_massa_na_empresa_em_que_trabalho,,4.0,,,1.0,,,1.0,,1.0,3.0,3.0,2.0,2.0,1.0,,,2.0,1.0,1.0,2.0,True,False,False,dbzejcyt96uydbbd3hvpk0xaketctxm6,2025-10-21 00:19:27,2025
28bf80625311549714dceae00de6aba27d9b7f2d3f32212a2b52f3516b217b56,c3972ccd73541907,bc49c018363808cc,55cdc119d607e551,dbb936c8c1ffecd9,f3602ece1606872c,45257b7dd1c84b75,30f4c671715c7fba,c9ed1c765640c18d,2de7e75800b84bf1,d95903abcbe2576f,2025-2026,Amarela,Nao,30-34,32,10000.5,False,False,True,True,,,False,False,False,,Nao_ocorreram_layoffs/demissoes_em_massa_na_empresa_em_que_trabalho,,5.0,,,2.0,,,1.0,,1.0,3.0,,3.0,2.0,3.0,,,2.0,3.0,1.0,2.0,True,False,False,bqft4ftd8e4i16hebqft6778wlkwbng9,2025-10-21 14:17:49,2025
07925507038181a7a7b2eca6be3b031547aa7ff9f8fd2bff0feaf51cd590da11,c3972ccd73541907,e6a628f18955ffc3,92613a8f434050ae,db2fc8aea5e4d81c,cbb8b78dc192f1be,43eba83eee969f1e,a8345d98542c8fcb,c9ed1c765640c18d,2de7e75800b84bf1,940f48d40481453d,2025-2026,Branca,Nao,25-29,29,14000.5,False,False,True,True,True,True,True,False,True,,"Sim,_ocorreram_layoffs/demissoes_em_massa_na_empresa_em_que_trabalho_mas_nao_fui_afetado",,,,12.0,5.0,,,2.0,,,3.0,,4.0,4.0,2.0,,,6.0,2.0,1.0,3.0,True,False,True,2pcpa2la01hyoupp2pcpa6agvu4du7rt,2025-10-21 15:34:09,2025
ce1ddb6b5c635ab1753299b34bc743bd1b4225eaef39e5f47249a0d295230046,f5aeb0b6798a7470,,,5835bc43ea92d4c5,cbb8b78dc192f1be,2833afa24eae7ac7,a8345d98542c8fcb,3274ca06d4c94bff,b8ec533185a2aae8,a78cd477da7a2759,2025-2026,Branca,Nao,35-39,37,35000.5,True,False,True,True,,,False,False,True,"Mais_ou_menos..._E_uma_das_varias_iniciativas_que_estamos_impulsionando,_mas_nao_e_uma_prioridade_(tratam-se_de_iniciativas_isoladas_e_com_pouco_foco).",Nao_ocorreram_layoffs/demissoes_em_massa_na_empresa_em_que_trabalho,"Em_partes._Temos_alguns_projetos_""piloto"",_envolvendo_AI_Generativa_e_Modelos_LLM,_rodando_mas_sem_muitos_resultados_e_impacto_no_negocio.",,,,,0.0,6.0,,10.0,,3.0,,,,,,,4.0,,,,True,True,False,07rmwsxqthsxjgtm2brrk07rmwsxq0bk,2025-10-21 16:39:59,2025
3d9e79d11c16def0b7a83a7c75ba18b8d1eb945474afb6550cce4c72eebe8856,f5aeb0b6798a7470,fe17ae5e2eff92b0,55cdc119d607e551,78dcf54c346ca653,f3602ece1606872c,45257b7dd1c84b75,046a83f0313b93ce,3274ca06d4c94bff,b8ec533185a2aae8,e25c1203a442e6ba,2025-2026,Branca,Nao,30-34,30,7000.5,False,False,True,True,,,False,False,True,,Nao_ocorreram_layoffs/demissoes_em_massa_na_empresa_em_que_trabalho,,5.0,,,1.0,,,2.0,,1.0,3.0,,1.0,2.0,1.0,,3.0,4.0,1.0,1.0,1.0,True,False,False,w30w5arxv3u8jsothlp0ow30w5arrpv9,2025-10-21 16:55:19,2025
e3ef22a88737b70330831d9be39626f6d842879973a3d3ae2469de32433021b7,f5aeb0b6798a7470,c2746be945b965d3,ecc6252a91d769cd,5835bc43ea92d4c5,cbb8b78dc192f1be,d68d5f833235fe5f,3053d057e7d49d8f,3274ca06d4c94bff,9de61584ed97694c,5cc11ce5bfb49a2b,2025-2026,Branca,Nao,22-24,22,1500.5,False,False,True,True,,,False,False,True,,Nao_ocorreram_layoffs/demissoes_em_massa_na_empresa_em_que_trabalho,,,13.0,,1.0,,,1.0,,,3.0,,3.0,3.0,2.0,,,6.0,2.0,1.0,2.0,True,False,False,73zub9adxmckl3k2ueu73zub9im4ss0b,2025-10-21 17:05:40,2025
61c3c65bba9515fc13cb7322d99809fb6bf82e0f8f9397bd9630831207e23fc1,f031b70a2653be44,cb6d01a5d97e4b3e,55cdc119d607e551,8d8376636f8ade6f,cbb8b78dc192f1be,43eba83eee969f1e,936382867105808c,c9ed1c765640c18d,982900b1b6b3c126,e25c1203a442e6ba,2025-2026,Branca,Nao,55+,60,7000.5,False,False,True,True,,,False,False,True,,Nao_ocorreram_layoffs/demissoes_em_massa_na_empresa_em_que_trabalho,,,,,2.0,,,1.0,,,3.0,,3.0,4.0,1.0,,,6.0,1.0,1.0,2.0,True,False,False,io6ff07ard6bah5ujio60c27oyjbgriy,2025-10-21 17:23:51,2025
65652e97534432f21d2b5dd888f0d950ac2baa9c291b8baafc741e5b44f329b0,294763754a8efd4c,,,dbb936c8c1ffecd9,cbb8b78dc192f1be,45257b7dd1c84b75,fe3df6ab57602796,3274ca06d4c94bff,0e2cf1c49e48255b,940f48d40481453d,2025-2026,Branca,Nao,30-34,32,14000.5,True,False,True,False,,,False,False,True,"Sim,_esta_entre_nossas_principais_prioridades_para_os_proximos_2-4_anos_(com_discussoes_de_iniciativas_e_orcamentos_de_curto_a_medio_prazo).",Nao_ocorreram_layoffs/demissoes_em_massa_na_empresa_em_que_trabalho,"Sim._Temos_projetos_envolvendo_AI_Generativa_e_Modelos_LLM_em_producao,_gerando_resultados_e_impacto_no_negocio.",,,,,1.0,4.0,,12.0,,3.0,2.0,,,,,,5.0,,,,True,True,False,sg5jq7ugvayr4kkw89s55h4sg5jq7oi4,2025-10-21 20:32:12,2025
8547d2b8104154daff2f5f60ab2f1150fdd748c6f639e0ec2e3944e4c6bec55a,f5aeb0b6798a7470,cb6d01a5d97e4b3e,55cdc119d607e551,db2fc8aea5e4d81c,cbb8b78dc192f1be,2833afa24eae7ac7,046a83f0313b93ce,c9ed1c765640c18d,982900b1b6b3c126,940f48d40481453d,2025-2026,Amarela,Nao,45-49,45,14000.5,False,False,True,True,,,True,False,True,,"Sim,_ocorreram_layoffs/demissoes_em_massa_na_empresa_em_que_trabalho_mas_nao_fui_afetado",,,,,,,,,,1.0,3.0,,1.0,0.0,,,,6.0,,,1.0,True,False,False,0quc301phwjpn5tkys1gmol40quc30eu,2025-10-21 21:22:12,2025
3c6fb7e1914aadf0cbb43a503e87d70e4db92301e434137014067a9e9a78ad32,f5aeb0b6798a7470,e6a628f18955ffc3,55cdc119d607e551,e551bb41f4b028d9,cbb8b78dc192f1be,43eba83eee969f1e,fe3df6ab57602796,c9ed1c765640c18d,2de7e75800b84bf1,d95903abcbe2576f,2025-2026,Branca,Nao,25-29,29,10000.5,False,False,True,False,True,True,False,False,True,,Nao_ocorreram_layoffs/demissoes_em_massa_na_empresa_em_que_trabalho,,,,7.0,4.0,,,2.0,,,3.0,3.0,1.0,2.0,2.0,,,4.0,2.0,1.0,1.0,True,False,True,6onmg5ja1en11c5xhdvxa6onmg50d2nd,2025-10-22 13:40:26,2025
a424df85a79e668bf7f0f45a95536a024d87dfaa9a3969a4332742c1a828f1ed,4a3161bbf086290c,,,db2fc8aea5e4d81c,cbb8b78dc192f1be,2833afa24eae7ac7,fe3df6ab57602796,c9ed1c765640c18d,b8ec533185a2aae8,c142a48bfad4a258,2025-2026,Parda,Nao,30-34,32,18000.5,True,False,True,True,,,False,False,True,"Sim,_esta_entre_nossas_principais_prioridades_para_os_proximos_2-4_anos_(com_discussoes_de_iniciativas_e_orcamentos_de_curto_a_medio_prazo).",Nao_ocorreram_layoffs/demissoes_em_massa_na_empresa_em_que_trabalho,"Sim._Temos_projetos_envolvendo_AI_Generativa_e_Modelos_LLM_em_producao,_gerando_resultados_e_impacto_no_negocio.",,,,,,5.0,,12.0,1.0,3.0,,,,,,,3.0,,,,True,True,False,d8by3k3ef91tzxkjd8by1531yvs1wu0o,2025-10-22 19:30:12,2025
35968cdca8c60990eea845da3f3da37a3c236bf83a8092330977245ad1c57966,f5aeb0b6798a7470,cb6d01a5d97e4b3e,92613a8f434050ae,78dcf54c346ca653,f3602ece1606872c,2833afa24eae7ac7,fe3df6ab57602796,c9ed1c765640c18d,b8ec533185a2aae8,940f48d40481453d,2025-2026,Branca,Nao,45-49,46,14000.5,False,False,True,False,,,True,False,True,,"Sim,_ocorreram_layoffs/demissoes_em_massa_na_empresa_em_que_trabalho_mas_nao_fui_afetado",,,,,3.0,,,1.0,,1.0,3.0,2.0,4.0,4.0,1.0,,5.0,4.0,1.0,1.0,4.0,True,False,False,nbybqf7qwmxua5r0n8qnbybvrmjq9afk,2025-10-23 15:44:48,2025
1169bb3a1904f32e149ad452d66391cbd949e740ea5b5bcc2cfa6142e40df6db,7c06efd88710f54f,,,69e1b53db3e87dcd,cbb8b78dc192f1be,d68d5f833235fe5f,fe3df6ab57602796,0569ab4f29228b28,2048c036bd9b18b5,e25c1203a442e6ba,2025-2026,Branca,Nao,25-29,27,7000.5,True,False,True,False,,,False,False,True,"Sim,_e_nossa_principal_prioridade_como_empresa_(com_foco_executivo_significativo_e_alocacao_de_orcamento_relevante).",Nao_ocorreram_layoffs/demissoes_em_massa_na_empresa_em_que_trabalho,"Em_partes._Temos_alguns_projetos_""piloto"",_envolvendo_AI_Generativa_e_Modelos_LLM,_rodando_mas_sem_muitos_resultados_e_impacto_no_negocio.",,,,,1.0,,,4.0,,3.0,3.0,,,,,,1.0,,,,True,True,False,389uah4ykwydp7arxf42wqe389uah4yj,2025-10-23 18:02:49,2025
2545dab6d58a0f9accd9e6e130876f5dfd879270befaaf90cd082b67230094e7,667e1c97e3c6f471,dbb936c8c1ffecd9,55cdc119d607e551,4624962e6e79d5fb,cbb8b78dc192f1be,43eba83eee969f1e,a8345d98542c8fcb,c9ed1c765640c18d,2048c036bd9b18b5,940f48d40481453d,2025-2026,Branca,Nao,30-34,32,14000.5,False,False,True,True,,,True,True,True,,"Sim,_ocorreram_layoffs/demissoes_em_massa_na_empresa_em_que_trabalhava_e_eu_fui_afetado",,5.0,,,6.0,,,1.0,,,1.0,,5.0,3.0,2.0,,,2.0,2.0,1.0,5.0,True,False,False,i9trf8hy6r5cnhei9tr5hyu99jq09wrq,2025-10-23 18:58:04,2025
ef64f3b7d79653d822fe2229b49df86c2369ddf47b26c726a295a997f3574bd5,f5aeb0b6798a7470,fe17ae5e2eff92b0,911d0b99409727d3,5835bc43ea92d4c5,cbb8b78dc192f1be,2833afa24eae7ac7,936382867105808c,c9ed1c765640c18d,b8ec533185a2aae8,940f48d40481453d,2025-2026,Branca,Nao,40-44,40,14000.5,False,False,True,True,,,True,False,False,,"Sim,_ocorreram_layoffs/demissoes_em_massa_na_empresa_em_que_trabalho_mas_nao_fui_afetado",,10.0,,,8.0,,,2.0,,,3.0,,2.0,6.0,2.0,,,2.0,2.0,1.0,2.0,True,False,False,scxjw36uxjw4lhn2rscxjv9obhund8h8,2025-10-23 20:21:31,2025
e2607e1418a05bc87e1cebf0d6ff1ddab8202a597217ebb134af57b95b3a7945,a0f949497a74dde0,e6a628f18955ffc3,55cdc119d607e551,78dcf54c346ca653,cbb8b78dc192f1be,43eba83eee969f1e,fe3df6ab57602796,c9ed1c765640c18d,2048c036bd9b18b5,85595ffccc905ca5,2025-2026,Parda,Nao,25-29,27,5000.5,False,False,True,True,True,True,False,False,True,,Nao_ocorreram_layoffs/demissoes_em_massa_na_empresa_em_que_trabalho,,,,13.0,6.0,,,2.0,,1.0,3.0,,1.0,4.0,2.0,,,5.0,2.0,1.0,2.0,True,False,True,sx6e2ksm16rz47h84gqsx6e2kd9lf0yf,2025-10-23 20:22:43,2025
a3bb907bca97b783d7d69abd007bc0e0b097ba20839c6f13d124116a102c13da,667e1c97e3c6f471,22254c459c370bc8,ecc6252a91d769cd,0e1e984e5bd7c32f,f3602ece1606872c,d68d5f833235fe5f,fe3df6ab57602796,c9ed1c765640c18d,f719efb91c5dbcd8,67d183cf4199ecb9,2025-2026,Branca,Nao,25-29,29,3500.5,False,False,True,True,,,False,False,True,,Nao_ocorreram_layoffs/demissoes_em_massa_na_empresa_em_que_trabalho,,,,,,,,,,1.0,3.0,,,,,,,,,,,,False,False,o91adx5kgilnfyto91adpcs7bu9o7swq,2025-10-23 23:01:42,2025
e676edb40d63e5e3b91c8ed1b7636a174b9da8622161c42c3c3a5f20fec0fc18,32da6721804f1dd3,c518a4f98887a30b,92613a8f434050ae,0e1e984e5bd7c32f,cbb8b78dc192f1be,43eba83eee969f1e,936382867105808c,3274ca06d4c94bff,2048c036bd9b18b5,e25c1203a442e6ba,2025-2026,Branca,Nao,30-34,32,7000.5,False,False,True,True,,,False,False,True,,Nao_ocorreram_layoffs/demissoes_em_massa_na_empresa_em_que_trabalho,,8.0,,,2.0,,,1.0,,,3.0,,1.0,4.0,2.0,,,5.0,2.0,1.0,1.0,True,False,False,7y4ub883odb2b8egqm9a7y4ua7tc58bb,2025-10-24 14:11:15,2025
99221ba9137a4abc19233141c4efdb88dc388cdb31cb825f30b36b12c6cb21cc,f9085bf3a4e33576,fe17ae5e2eff92b0,55cdc119d607e551,78dcf54c346ca653,cbb8b78dc192f1be,2833afa24eae7ac7,30f4c671715c7fba,c9ed1c765640c18d,982900b1b6b3c126,85595ffccc905ca5,2025-2026,Branca,Nao,30-34,30,5000.5,False,False,True,False,,,False,False,False,,Nao_ocorreram_layoffs/demissoes_em_massa_na_empresa_em_que_trabalho,,10.0,,,1.0,,,1.0,,,3.0,3.0,1.0,3.0,2.0,,,2.0,2.0,1.0,1.0,True,False,False,ik5r09usen06ggjzsmj9w5fik5r09usv,2025-10-27 10:26:57,2025
5e363b7094f2c4d3722adf33ea9983301df4fe89948712fff974d5186508e249,cf25077a1a31594f,91aaff70ef7b0d7e,ecc6252a91d769cd,78dcf54c346ca653,f3602ece1606872c,d68d5f833235fe5f,fe3df6ab57602796,c9ed1c765640c18d,f719efb91c5dbcd8,5cc11ce5bfb49a2b,2025-2026,Branca,Nao,22-24,22,1500.5,False,False,True,True,,,False,False,True,,Nao_ocorreram_layoffs/demissoes_em_massa_na_empresa_em_que_trabalho,,,,,,,,,,1.0,3.0,,,,,,1.0,,,,,,False,False,biigrlhycwnng60eybiig9oowyst8oru,2025-10-27 11:00:59,2025
799dfa58ae4ed35b5c3f8257b6272e0fbdb1b1e86db9683f8ae222a94cf524c4,f0055891f09fff48,fe17ae5e2eff92b0,55cdc119d607e551,0e1e984e5bd7c32f,f3602ece1606872c,45257b7dd1c84b75,3053d057e7d49d8f,c9ed1c765640c18d,2048c036bd9b18b5,d95903abcbe2576f,2025-2026,Branca,Nao,35-39,35,10000.5,False,False,True,True,,,False,False,True,,Nao_ocorreram_layoffs/demissoes_em_massa_na_empresa_em_que_trabalho,,8.0,,,1.0,,,1.0,,1.0,3.0,,1.0,2.0,2.0,,,3.0,2.0,1.0,1.0,True,False,False,peiylrh4rxxyeldeapeiylrt77ywbxnl,2025-10-27 13:14:23,2025
f856a28ae6358c3cc6a5d82eed44cb315aad7924546a9819fd7f2a32d66a1f46,6f496e9738ca13d1,,,0e1e984e5bd7c32f,cbb8b78dc192f1be,a7d05515eec02b7a,a8345d98542c8fcb,0569ab4f29228b28,b8ec533185a2aae8,53da782f7c8647e0,2025-2026,Branca,Nao,40-44,42,40001.0,True,False,True,True,,,False,False,True,"Sim,_e_nossa_principal_prioridade_como_empresa_(com_foco_executivo_significativo_e_alocacao_de_orcamento_relevante).",Nao_ocorreram_layoffs/demissoes_em_massa_na_empresa_em_que_trabalho,"Sim._Temos_projetos_envolvendo_AI_Generativa_e_Modelos_LLM_em_producao,_gerando_resultados_e_impacto_no_negocio.",,,,,2.0,8.0,,7.0,,3.0,,,,,,,5.0,,,,True,True,False,kmdats8kvlu2vhxq01ufkmdats8461yf,2025-10-27 16:58:01,2025
71efbb327f324b398a0696ac32074499780a90729f935c266d12d909d3b80635,667e1c97e3c6f471,fe17ae5e2eff92b0,55cdc119d607e551,e551bb41f4b028d9,cbb8b78dc192f1be,43eba83eee969f1e,a8345d98542c8fcb,0569ab4f29228b28,982900b1b6b3c126,85595ffccc905ca5,2025-2026,Branca,Nao,25-29,29,5000.5,False,False,True,True,,,False,False,True,,Nao_ocorreram_layoffs/demissoes_em_massa_na_empresa_em_que_trabalho,,9.0,,,4.0,,,1.0,,,3.0,,1.0,3.0,2.0,,,2.0,2.0,1.0,1.0,True,False,False,w8cvvyusu5i6knw8cv3euwo3f9gp44mh,2025-10-27 19:07:33,2025
308cb9235d25cd9ce55c4c74d397bd043c3941fed3f6e8c0c5e6f49b3d3c0dec,f5aeb0b6798a7470,fe17ae5e2eff92b0,92613a8f434050ae,78dcf54c346ca653,cbb8b78dc192f1be,7412d326cc0f334b,,c9ed1c765640c18d,2048c036bd9b18b5,85595ffccc905ca5,2025-2026,Amarela,Nao,35-39,37,5000.5,False,False,True,False,,,False,False,True,,Nao_ocorreram_layoffs/demissoes_em_massa_na_empresa_em_que_trabalho,,9.0,,,6.0,,,1.0,,1.0,3.0,3.0,1.0,3.0,2.0,,,2.0,2.0,1.0,2.0,True,False,False,t2ix5f9vj1pymwofft2ix5nlbiay1eut,2025-10-28 01:51:27,2025
252852f24d835d47e17fd6f74200e1ee2d49b2e8f9c110763021c539851cec74,f5aeb0b6798a7470,,,f5904cf7a1231a7a,cbb8b78dc192f1be,2833afa24eae7ac7,fe3df6ab57602796,3274ca06d4c94bff,0e2cf1c49e48255b,c142a48bfad4a258,2025-2026,Parda,Nao,25-29,29,18000.5,True,False,True,True,,,True,True,True,Nao_e_uma_iniciativa_que_estamos_focando_e_nao_tem_sido_uma_prioridade.,"Sim,_ocorreram_layoffs/demissoes_em_massa_na_empresa_em_que_trabalhava_e_eu_fui_afetado","Em_partes._Temos_alguns_projetos_""piloto"",_envolvendo_AI_Generativa_e_Modelos_LLM,_rodando_mas_sem_muitos_resultados_e_impacto_no_negocio.",,,,,1.0,5.0,,11.0,1.0,3.0,,,,,,2.0,2.0,,,,True,True,False,8jkv04oimxii86k809c8jkv06r4bw0xg,2025-10-28 01:56:45,2025
70dca614fd8f2f92e1b305cac0d850a6b1c11e16e1fbe4ada2cb592f54153b1e,f5aeb0b6798a7470,,,dbb936c8c1ffecd9,cbb8b78dc192f1be,2833afa24eae7ac7,30f4c671715c7fba,c9ed1c765640c18d,b8ec533185a2aae8,67d183cf4199ecb9,2025-2026,Branca,Nao,45-49,49,3500.5,True,False,True,True,,,False,False,False,"Sim,_e_nossa_principal_prioridade_como_empresa_(com_foco_executivo_significativo_e_alocacao_de_orcamento_relevante).",Nao_ocorreram_layoffs/demissoes_em_massa_na_empresa_em_que_trabalho,"Sim._Temos_projetos_envolvendo_AI_Generativa_e_Modelos_LLM_em_producao,_gerando_resultados_e_impacto_no_negocio.",,,,,0.0,3.0,,7.0,,3.0,,,,,,,0.0,,,,True,True,False,qyxzmydoe59859a1mz3qyxzmy1yseqj0,2025-10-28 08:57:55,2025
26fa61f6fa6ca38c9db255fd293954ebde97cd182967806cc0b9646448b1da70,667e1c97e3c6f471,91aaff70ef7b0d7e,92613a8f434050ae,78dcf54c346ca653,cbb8b78dc192f1be,2833afa24eae7ac7,fe3df6ab57602796,c9ed1c765640c18d,2de7e75800b84bf1,940f48d40481453d,2025-2026,Branca,Nao,30-34,33,14000.5,False,False,True,True,,,False,False,True,,Nao_ocorreram_layoffs/demissoes_em_massa_na_empresa_em_que_trabalho,,,,,,,,,,,3.0,,,,,,,,,,,,False,False,hvo728ert6aowsinafhvo7qgmu14k1nc,2025-10-28 11:21:24,2025
4501369def80b1bfbc4e5437c18119019db27a54e5a74c9f3ec418a8cdffc4e4,0df9e03357ae3a2b,bc49c018363808cc,55cdc119d607e551,78dcf54c346ca653,cbb8b78dc192f1be,43eba83eee969f1e,a8345d98542c8fcb,c9ed1c765640c18d,9de61584ed97694c,d95903abcbe2576f,2025-2026,Amarela,Nao,25-29,29,10000.5,False,False,True,False,True,True,True,False,True,,"Sim,_ocorreram_layoffs/demissoes_em_massa_na_empresa_em_que_trabalho_mas_nao_fui_afetado",,,,11.0,9.0,,,2.0,,1.0,3.0,3.0,0.0,1.0,2.0,,,7.0,2.0,1.0,1.0,True,False,True,68m8q1i6s8tuxenj4d68m8q1ltl4p5pf,2025-10-28 11:24:02,2025
d782f0ebbb3396f31a6c1b40af4e96c8c41104017bfa7659bb2c8f0d30ceffaa,f5aeb0b6798a7470,f4309b3f4ebdc8d0,55cdc119d607e551,8d8376636f8ade6f,cbb8b78dc192f1be,2833afa24eae7ac7,a8345d98542c8fcb,3274ca06d4c94bff,2048c036bd9b18b5,e25c1203a442e6ba,2025-2026,Branca,Nao,25-29,29,7000.5,False,False,True,True,,,False,False,True,,Nao_ocorreram_layoffs/demissoes_em_massa_na_empresa_em_que_trabalho,,7.0,,,3.0,,,1.0,,,3.0,,1.0,4.0,2.0,,,2.0,2.0,1.0,1.0,True,False,False,d9muvx10ad5wa9pd9mumjlthpe0v1n5t,2025-10-28 11:31:34,2025
a4b0fd3f310257b2dd9b4902129ddb368a5c02c596a9f66addae4bf61f70cba4,f5aeb0b6798a7470,cb6d01a5d97e4b3e,911d0b99409727d3,0e1e984e5bd7c32f,cbb8b78dc192f1be,2833afa24eae7ac7,936382867105808c,7e9f6dc0fde56d40,2de7e75800b84bf1,a78cd477da7a2759,2025-2026,Branca,Nao,25-29,29,35000.5,False,False,True,True,True,True,False,False,False,,Nao_ocorreram_layoffs/demissoes_em_massa_na_empresa_em_que_trabalho,,,,8.0,7.0,,,2.0,,,3.0,,3.0,7.0,1.0,,,5.0,2.0,1.0,3.0,True,False,True,x7x4hd6ilmj2r5pox7xd2mxvfchh2tbz,2025-10-28 12:03:43,2025
24e8d8a86eefce94bd8e60eaa77dfbec1773772378865e04e673ef37eaf140b5,f5aeb0b6798a7470,,,e98c69c2254daa93,f3602ece1606872c,2833afa24eae7ac7,fe3df6ab57602796,3274ca06d4c94bff,0e2cf1c49e48255b,c142a48bfad4a258,2025-2026,Parda,Nao,35-39,37,18000.5,True,False,True,True,,,False,False,True,"Mais_ou_menos..._E_uma_das_varias_iniciativas_que_estamos_impulsionando,_mas_nao_e_uma_prioridade_(tratam-se_de_iniciativas_isoladas_e_com_pouco_foco).",Nao_ocorreram_layoffs/demissoes_em_massa_na_empresa_em_que_trabalho,"Em_partes._Temos_alguns_projetos_""piloto"",_envolvendo_AI_Generativa_e_Modelos_LLM,_rodando_mas_sem_muitos_resultados_e_impacto_no_negocio.",,,,,2.0,7.0,,6.0,1.0,3.0,,,,,,,4.0,,,,True,True,False,b6xtghyzu54e528kdpyb6xtg6l6yb070,2025-10-28 12:18:38,2025
8694cab26b139c91daa4d0012707ba29358371794d78346eac23587c29b3cab2,4a3161bbf086290c,fe17ae5e2eff92b0,92613a8f434050ae,0e1e984e5bd7c32f,cbb8b78dc192f1be,2833afa24eae7ac7,046a83f0313b93ce,c9ed1c765640c18d,2048c036bd9b18b5,a78cd477da7a2759,2025-2026,Branca,Sim,30-34,31,35000.5,False,True,True,True,,,True,False,True,,"Sim,_ocorreram_layoffs/demissoes_em_massa_na_empresa_em_que_trabalho_mas_nao_fui_afetado",,7.0,,,3.0,,,1.0,,1.0,3.0,,1.0,2.0,3.0,,,3.0,3.0,1.0,1.0,True,False,False,faxzcfjoo3x0b85fsnph15dfaxzctsp0,2025-10-28 12:25:03,2025
e62a3d1aa2cd50e2ae08f001f2ef3596ddb0ba0f0308a85189562d0219ba60c2,c3972ccd73541907,e6a628f18955ffc3,92613a8f434050ae,0e1e984e5bd7c32f,cbb8b78dc192f1be,43eba83eee969f1e,fe3df6ab57602796,c9ed1c765640c18d,0e2cf1c49e48255b,d95903abcbe2576f,2025-2026,Branca,Nao,25-29,27,10000.5,False,False,True,True,True,True,False,False,True,,Nao_ocorreram_layoffs/demissoes_em_massa_na_empresa_em_que_trabalho,,,,9.0,10.0,,,1.0,,,3.0,,2.0,4.0,2.0,,,4.0,2.0,1.0,2.0,True,False,True,ocoqi5faz5tm3b1c4ao3y7t4ocoqi5fl,2025-10-28 13:01:19,2025
41f37287ed600a420411749f19d76af2285af3251ace3c0670ca3b6ecfaa2a8e,4a3161bbf086290c,,,78dcf54c346ca653,cbb8b78dc192f1be,2833afa24eae7ac7,fe3df6ab57602796,3274ca06d4c94bff,b8ec533185a2aae8,c142a48bfad4a258,2025-2026,Branca,Nao,50-54,50,18000.5,True,False,True,True,,,False,False,True,"Sim,_esta_entre_nossas_principais_prioridades_para_os_proximos_2-4_anos_(com_discussoes_de_iniciativas_e_orcamentos_de_curto_a_medio_prazo).",Nao_ocorreram_layoffs/demissoes_em_massa_na_empresa_em_que_trabalho,"Em_partes._Temos_alguns_projetos_""piloto"",_envolvendo_AI_Generativa_e_Modelos_LLM,_rodando_mas_sem_muitos_resultados_e_impacto_no_negocio.",,,,,1.0,3.0,,4.0,,3.0,,,,,,,5.0,,,,True,True,False,pmflmasfhoopkocjog8elypmflmasfuk,2025-10-28 13:01:58,2025
2b4eaf460ddc6c8e9c970343db26e8cdb7196d8c40ff73d37cdc35b3606eaac5,cf25077a1a31594f,dbb936c8c1ffecd9,92613a8f434050ae,1f52ebe07a196a36,cbb8b78dc192f1be,a7d05515eec02b7a,fe3df6ab57602796,c9ed1c765640c18d,0e2cf1c49e48255b,77ec651ae4aaf72e,2025-2026,Branca,Nao,35-39,36,22500.5,False,False,True,True,True,,False,False,True,,Nao_ocorreram_layoffs/demissoes_em_massa_na_empresa_em_que_trabalho,,,,4.0,1.0,,,3.0,,,3.0,,1.0,8.0,2.0,,,5.0,3.0,1.0,1.0,True,False,True,8orxfjuwk9zebqeu8orxfzl9lhsf3mfh,2025-10-28 13:38:35,2025
3169eb8f86a23eb24644d942925c58d16be0cb0621ee2290784630e564d5b9bd,0df9e03357ae3a2b,c2746be945b965d3,911d0b99409727d3,0e1e984e5bd7c32f,f3602ece1606872c,2833afa24eae7ac7,3053d057e7d49d8f,c9ed1c765640c18d,b8ec533185a2aae8,77ec651ae4aaf72e,2025-2026,Parda,Nao,45-49,45,22500.5,False,False,True,True,,,False,False,False,,Nao_ocorreram_layoffs/demissoes_em_massa_na_empresa_em_que_trabalho,,10.0,,,2.0,,,1.0,,1.0,3.0,,1.0,3.0,1.0,,2.0,5.0,1.0,1.0,1.0,True,False,False,jsmj21xu9yzzcre067onjsmj21xngpot,2025-10-28 14:14:52,2025
c1c66e034ff15d572357c61789bbdc6839ab065b297db0f90d328cbccb76e3a2,f5aeb0b6798a7470,e6a628f18955ffc3,92613a8f434050ae,0e1e984e5bd7c32f,f3602ece1606872c,43eba83eee969f1e,6b531d47cff93c33,c9ed1c765640c18d,2de7e75800b84bf1,c142a48bfad4a258,2025-2026,Branca,Nao,25-29,26,18000.5,False,False,True,False,True,True,False,False,True,,Nao_ocorreram_layoffs/demissoes_em_massa_na_empresa_em_que_trabalho,,,,12.0,7.0,,,1.0,,1.0,3.0,2.0,4.0,5.0,3.0,,3.0,4.0,3.0,1.0,4.0,True,False,True,2mu7yp5ygthrfl5m8v2mu725l81q3ip1,2025-10-28 15:02:52,2025
b20b1479a6e90e65855aa7e0a905dca35c904d564bbe26fc6f3f11bc420c3913,296d71a7f66e75b7,,,,f3602ece1606872c,2833afa24eae7ac7,936382867105808c,,,,2025-2026,Parda,Nao,35-39,38,,,False,True,,,,,,True,,,,,,,,,,,,2.0,,,,,,,6.0,,,,,,False,False,7sr56old2kf526yvo78qx7sr56tpb067,2025-10-28 15:59:39,2025
4944318e9a4248334bb12c9edeb97f04a8af85916eec29731fc6faf4d6e9848a,f5aeb0b6798a7470,,,f5904cf7a1231a7a,f3602ece1606872c,2833afa24eae7ac7,fe3df6ab57602796,7e9f6dc0fde56d40,b8ec533185a2aae8,38f8b03d1890969c,2025-2026,Branca,Nao,35-39,35,27500.5,True,False,True,True,,,True,False,True,"Sim,_e_nossa_principal_prioridade_como_empresa_(com_foco_executivo_significativo_e_alocacao_de_orcamento_relevante).","Sim,_ocorreram_layoffs/demissoes_em_massa_na_empresa_em_que_trabalho_mas_nao_fui_afetado","Sim._Temos_projetos_envolvendo_AI_Generativa_e_Modelos_LLM_em_producao,_gerando_resultados_e_impacto_no_negocio.",,,,,,1.0,,6.0,1.0,3.0,,,,,,,1.0,,,,True,True,False,zl77bdgd0ryalivs10asdzl77bd8p3l6,2025-10-28 17:55:17,2025
110e94674001c6a4e478080b86e37324f02e1705633259d974614f565f27e82d,32da6721804f1dd3,,,78dcf54c346ca653,cbb8b78dc192f1be,2833afa24eae7ac7,a8345d98542c8fcb,c9ed1c765640c18d,b8ec533185a2aae8,c142a48bfad4a258,2025-2026,Branca,Nao,30-34,34,18000.5,True,False,True,True,,,True,False,True,"Sim,_esta_entre_nossas_principais_prioridades_para_os_proximos_2-4_anos_(com_discussoes_de_iniciativas_e_orcamentos_de_curto_a_medio_prazo).","Sim,_ocorreram_layoffs/demissoes_em_massa_na_empresa_em_que_trabalho_mas_nao_fui_afetado","Em_partes._Temos_alguns_projetos_""piloto"",_envolvendo_AI_Generativa_e_Modelos_LLM,_rodando_mas_sem_muitos_resultados_e_impacto_no_negocio.",,,,,1.0,3.0,,10.0,,3.0,,,,,,,4.0,,,,True,True,False,p1naw143w04ucvyb9cfr5p1naw14q0xc,2025-10-28 19:54:11,2025
340e2c7c0b59738bc01f3911cef2491af2900c691d1d8ff9f7d2c488fdf53c7d,296d71a7f66e75b7,fe17ae5e2eff92b0,92613a8f434050ae,f441529a404b6a84,cbb8b78dc192f1be,43eba83eee969f1e,e48dc30f6cbde6fe,0569ab4f29228b28,2048c036bd9b18b5,5cc11ce5bfb49a2b,2025-2026,Parda,Nao,25-29,27,1500.5,False,False,True,False,,,False,False,True,,Nao_ocorreram_layoffs/demissoes_em_massa_na_empresa_em_que_trabalho,,7.0,,,1.0,,,1.0,,1.0,3.0,3.0,2.0,3.0,1.0,,,2.0,2.0,1.0,2.0,True,False,False,5vt3xy3u7lkfiv3u55vt3akbdmaxso55,2025-10-28 22:09:33,2025
a5ba9b349a31ae3ba968e47b8a4821abbc16c9bece7cd735ae16153878db5466,4a3161bbf086290c,bc49c018363808cc,92613a8f434050ae,0e1e984e5bd7c32f,f3602ece1606872c,43eba83eee969f1e,936382867105808c,c9ed1c765640c18d,2de7e75800b84bf1,940f48d40481453d,2025-2026,Branca,Nao,30-34,30,14000.5,False,False,True,False,True,,False,False,True,,Nao_ocorreram_layoffs/demissoes_em_massa_na_empresa_em_que_trabalho,,,,7.0,3.0,,,1.0,,1.0,3.0,3.0,1.0,3.0,2.0,,1.0,2.0,2.0,1.0,2.0,True,False,True,2kkxix3invx630q1f2kkxix3iqzph000,2025-10-29 01:00:25,2025
37cae838a0fffcd980528ec93f028ad675ea7a07118a716f5d024cfdca9eb258,f5aeb0b6798a7470,91aaff70ef7b0d7e,ecc6252a91d769cd,e98c69c2254daa93,cbb8b78dc192f1be,d68d5f833235fe5f,fe3df6ab57602796,0569ab4f29228b28,f719efb91c5dbcd8,634713c5044826b2,2025-2026,Branca,Nao,17-21,18,500.0,False,False,True,True,True,False,True,False,True,,"Sim,_ocorreram_layoffs/demissoes_em_massa_na_empresa_em_que_trabalho_mas_nao_fui_afetado",,,,5.0,1.0,,,1.0,,,3.0,,2.0,2.0,1.0,,,3.0,1.0,1.0,2.0,True,False,True,h57zwo2u6mncyo1juh57z2vk3cb3d629,2025-10-29 01:34:29,2025
b599d35d09903b26be2dad1897dbb45d786fc74ea18df7ba564a0815c6de12b7,0df9e03357ae3a2b,dbb936c8c1ffecd9,ecc6252a91d769cd,dbb936c8c1ffecd9,f3602ece1606872c,2833afa24eae7ac7,6b531d47cff93c33,c9ed1c765640c18d,982900b1b6b3c126,940f48d40481453d,2025-2026,Branca,Nao,55+,63,14000.5,False,False,True,True,,,False,False,True,,Nao_ocorreram_layoffs/demissoes_em_massa_na_empresa_em_que_trabalho,,,8.0,,1.0,,,1.0,,1.0,3.0,,1.0,3.0,2.0,,,2.0,2.0,1.0,1.0,True,False,False,hzbfd1zl8kksrqlv6jgyhzyfj44s2qbq,2025-10-29 12:57:00,2025
a3f90330424391193f0deaade4de1226acfd68cc16f1c2204dd9288d3aa0c18b,f5aeb0b6798a7470,c518a4f98887a30b,55cdc119d607e551,f441529a404b6a84,cbb8b78dc192f1be,2833afa24eae7ac7,30f4c671715c7fba,3274ca06d4c94bff,2048c036bd9b18b5,d95903abcbe2576f,2025-2026,Branca,Nao,25-29,27,10000.5,False,False,True,False,,,False,False,False,,Nao_ocorreram_layoffs/demissoes_em_massa_na_empresa_em_que_trabalho,,9.0,,,3.0,,,2.0,,,3.0,2.0,1.0,3.0,3.0,,,3.0,3.0,1.0,1.0,True,False,False,mldnrysroep59labc2hkpmldnryfhqxl,2025-10-29 13:48:27,2025
3ade28e988a4cfbacbe8739e813a13a355d246de1db5dfc500c1932d004eed96,f5aeb0b6798a7470,c518a4f98887a30b,92613a8f434050ae,8d8376636f8ade6f,cbb8b78dc192f1be,2833afa24eae7ac7,fe3df6ab57602796,0569ab4f29228b28,2de7e75800b84bf1,d95903abcbe2576f,2025-2026,Branca,Nao,35-39,38,10000.5,False,False,True,True,,,False,False,True,,Nao_ocorreram_layoffs/demissoes_em_massa_na_empresa_em_que_trabalho,,10.0,,,2.0,,,1.0,,,3.0,,1.0,2.0,2.0,,,2.0,2.0,1.0,1.0,True,False,False,56kd439ntoypyta3j2x56kd4kzsgfv6y,2025-10-29 15:26:01,2025
e3843fa271030c33aec90527cc94ef44480332f658fb7b893ea663a8cc9d1713,c3972ccd73541907,e6a628f18955ffc3,92613a8f434050ae,f441529a404b6a84,cbb8b78dc192f1be,2833afa24eae7ac7,fe3df6ab57602796,c9ed1c765640c18d,b8ec533185a2aae8,c142a48bfad4a258,2025-2026,Branca,Nao,30-34,33,18000.5,False,False,True,False,True,True,False,False,True,,Nao_ocorreram_layoffs/demissoes_em_massa_na_empresa_em_que_trabalho,,,,8.0,4.0,,,1.0,,,3.0,3.0,1.0,3.0,1.0,,,3.0,1.0,1.0,1.0,True,False,True,qlqkujkaz8sw1vesq1s6qlqkujaotdob,2025-10-29 15:54:05,2025
a93aa56333140fd7610579b202228e95d1cba25a3cc781dfdb2f58fa58963d16,f5aeb0b6798a7470,fe17ae5e2eff92b0,ecc6252a91d769cd,0e1e984e5bd7c32f,f3602ece1606872c,43eba83eee969f1e,a8345d98542c8fcb,3274ca06d4c94bff,2048c036bd9b18b5,67d183cf4199ecb9,2025-2026,Parda,Nao,25-29,25,3500.5,False,False,True,True,,,True,True,True,,"Sim,_ocorreram_layoffs/demissoes_em_massa_na_empresa_em_que_trabalhava_e_eu_fui_afetado",,,13.0,,3.0,,,3.0,,1.0,3.0,,2.0,6.0,3.0,,2.0,7.0,3.0,1.0,2.0,True,False,False,luouy9domjvyqa1c34oluouy9dor00a1,2025-10-29 16:09:08,2025
1f03f93454e0abc0e93a451b2ad614cfa0842dcb98b7e4deb4d739a38ff25c61,4a3161bbf086290c,c2746be945b965d3,ecc6252a91d769cd,78dcf54c346ca653,cbb8b78dc192f1be,d68d5f833235fe5f,30f4c671715c7fba,3274ca06d4c94bff,9de61584ed97694c,5cc11ce5bfb49a2b,2025-2026,Branca,Nao,25-29,27,1500.5,False,False,True,True,,,False,False,False,,Nao_ocorreram_layoffs/demissoes_em_massa_na_empresa_em_que_trabalho,,,8.0,,3.0,,,0.0,,,3.0,,1.0,5.0,2.0,,,5.0,2.0,1.0,1.0,True,False,False,wb9ca9m62jdnsu54wb9crfp3hpttq0rh,2025-10-29 16:55:26,2025
5b81631e160d293f4a50b971e8ab61cdd4d22e1d800d44bb6884ba5f34c77be2,32da6721804f1dd3,c518a4f98887a30b,ecc6252a91d769cd,8d8376636f8ade6f,f3602ece1606872c,d68d5f833235fe5f,3053d057e7d49d8f,7e9f6dc0fde56d40,982900b1b6b3c126,67d183cf4199ecb9,2025-2026,Branca,Nao,22-24,22,3500.5,False,False,True,True,,,False,False,True,,Nao_ocorreram_layoffs/demissoes_em_massa_na_empresa_em_que_trabalho,,5.0,,,6.0,,,1.0,,1.0,3.0,,2.0,2.0,3.0,,,2.0,3.0,1.0,2.0,True,False,False,ci3y3n8f8c74d75222dttci3y3n8w9no,2025-10-29 17:52:14,2025
3dfba76b336424327e16523d7e0d519bc3c570ac103ada5465e9343e38a84c33,0df9e03357ae3a2b,e6a628f18955ffc3,ecc6252a91d769cd,db2fc8aea5e4d81c,cbb8b78dc192f1be,d68d5f833235fe5f,30f4c671715c7fba,c9ed1c765640c18d,9de61584ed97694c,85595ffccc905ca5,2025-2026,Branca,Nao,30-34,34,5000.5,False,False,True,True,True,True,True,False,False,,"Sim,_ocorreram_layoffs/demissoes_em_massa_na_empresa_em_que_trabalho_mas_nao_fui_afetado",,,,12.0,6.0,,,1.0,,,3.0,,2.0,0.0,2.0,,,6.0,2.0,1.0,2.0,True,False,True,d20skusbd0l194tiid5d20skew6iwi3b,2025-10-29 22:12:59,2025
b5c7ceb78cde4e92fff2bfff3bf4f4322cd2fc7ce107fd878b210f3da536bec9,6f496e9738ca13d1,c2746be945b965d3,55cdc119d607e551,78dcf54c346ca653,f3602ece1606872c,45257b7dd1c84b75,a8345d98542c8fcb,c9ed1c765640c18d,2048c036bd9b18b5,940f48d40481453d,2025-2026,Branca,Sim,30-34,31,14000.5,False,True,True,True,,,False,False,True,,Nao_ocorreram_layoffs/demissoes_em_massa_na_empresa_em_que_trabalho,,,22.0,,1.0,,,1.0,,2.0,3.0,,1.0,5.0,3.0,,7.0,3.0,3.0,1.0,1.0,True,False,False,o8odwl71lll2q7cwb4mo8odwl7qdbhfs,2025-10-29 22:33:26,2025
03cf83e967d96e5d85ffee9e419c12e0e1eb0b23e97500c0c25d7675ea1cd6cb,0df9e03357ae3a2b,dbb936c8c1ffecd9,92613a8f434050ae,e551bb41f4b028d9,cbb8b78dc192f1be,43eba83eee969f1e,936382867105808c,7e9f6dc0fde56d40,f719efb91c5dbcd8,fe70e8c8015640e1,2025-2026,Branca,Nao,40-44,41,2500.5,False,False,True,False,,,False,False,True,,Nao_ocorreram_layoffs/demissoes_em_massa_na_empresa_em_que_trabalho,,6.0,,,4.0,,,1.0,,,3.0,3.0,1.0,2.0,2.0,,,3.0,2.0,1.0,1.0,True,False,False,yqe7uua0ekvbziehoucuyqe7uch746fu,2025-10-30 05:08:08,2025
3cdc68b7b81ef62427d1090db07d4d3be6543ab13002eba2195ec01286d8d553,f5aeb0b6798a7470,c2746be945b965d3,92613a8f434050ae,dbb936c8c1ffecd9,cbb8b78dc192f1be,2833afa24eae7ac7,fe3df6ab57602796,3274ca06d4c94bff,2de7e75800b84bf1,940f48d40481453d,2025-2026,Branca,Nao,35-39,39,14000.5,False,False,True,False,,,False,False,True,,Nao_ocorreram_layoffs/demissoes_em_massa_na_empresa_em_que_trabalho,,,11.0,,4.0,,,1.0,,,3.0,3.0,1.0,5.0,2.0,,,2.0,2.0,1.0,1.0,True,False,False,3y0jc3m1m0z54jxof67xt3y0jc3m84eb,2025-10-30 10:11:32,2025
cb160028ceb4944e9f9dc9990c9f5032415cd33c0d426edc0e51574424b553f0,f5aeb0b6798a7470,fe17ae5e2eff92b0,55cdc119d607e551,db2fc8aea5e4d81c,cbb8b78dc192f1be,2833afa24eae7ac7,30f4c671715c7fba,0569ab4f29228b28,2de7e75800b84bf1,e25c1203a442e6ba,2025-2026,Parda,Sim,25-29,29,7000.5,False,True,True,False,,,True,False,False,,"Sim,_ocorreram_layoffs/demissoes_em_massa_na_empresa_em_que_trabalho_mas_nao_fui_afetado",,,6.0,,1.0,,,1.0,,3.0,3.0,3.0,1.0,1.0,3.0,,,2.0,3.0,1.0,1.0,True,False,False,8m8fuc6hug57hnlsgtwozt8zp8m8fua6,2025-10-30 14:56:54,2025
aae07cfd5ea58ce5d128d843ce0079884e0cf67f6088f2bd654233c9c731b59f,ce344a418127968f,bc49c018363808cc,92613a8f434050ae,0e1e984e5bd7c32f,cbb8b78dc192f1be,43eba83eee969f1e,fe3df6ab57602796,c9ed1c765640c18d,0e2cf1c49e48255b,940f48d40481453d,2025-2026,Branca,Sim,25-29,27,14000.5,False,True,True,True,,,False,False,True,,Nao_ocorreram_layoffs/demissoes_em_massa_na_empresa_em_que_trabalho,,10.0,,,5.0,,,2.0,,1.0,3.0,,1.0,4.0,3.0,,,3.0,3.0,1.0,1.0,True,False,False,3r5fncriul2okg3w5yu35kao3r5fncri,2025-10-31 11:35:14,2025
b1b1346a0bf750db347e2e2856868aac77d84221388438023b6548087da664bb,f5aeb0b6798a7470,e6a628f18955ffc3,911d0b99409727d3,78dcf54c346ca653,cbb8b78dc192f1be,43eba83eee969f1e,fe3df6ab57602796,c9ed1c765640c18d,b8ec533185a2aae8,c142a48bfad4a258,2025-2026,Parda,Nao,45-49,45,18000.5,False,False,True,True,True,True,False,False,False,,Nao_ocorreram_layoffs/demissoes_em_massa_na_empresa_em_que_trabalho,,,,13.0,6.0,,,1.0,,1.0,3.0,,3.0,5.0,2.0,,,2.0,3.0,1.0,3.0,True,False,True,e6vxc7lxeseguk8ebie6vt8qv7e5ksud,2025-10-31 13:53:14,2025
57cdcd0f78176187ff3c73e4cb1263f9666052416a3300db174454085355e6ec,6f496e9738ca13d1,,,fe65f83ee4784d7c,cbb8b78dc192f1be,43eba83eee969f1e,fe3df6ab57602796,c9ed1c765640c18d,b8ec533185a2aae8,53da782f7c8647e0,2025-2026,Branca,Nao,30-34,30,40001.0,True,False,True,True,,,True,False,True,"Sim,_e_nossa_principal_prioridade_como_empresa_(com_foco_executivo_significativo_e_alocacao_de_orcamento_relevante).","Sim,_ocorreram_layoffs/demissoes_em_massa_na_empresa_em_que_trabalho_mas_nao_fui_afetado","Sim._Temos_projetos_envolvendo_AI_Generativa_e_Modelos_LLM_em_producao,_gerando_resultados_e_impacto_no_negocio.",,,,,1.0,3.0,,9.0,,3.0,,,,,,,3.0,,,,True,True,False,rrb79thl7cn1l41ps70brrb79tccd655,2025-11-01 14:20:25,2025
356ff82caab05a6d5a199c4631c3912168483e933d429fb5927ebac994c088f1,0049aa51a630b791,fe17ae5e2eff92b0,55cdc119d607e551,5835bc43ea92d4c5,f3602ece1606872c,43eba83eee969f1e,3053d057e7d49d8f,c9ed1c765640c18d,2048c036bd9b18b5,e25c1203a442e6ba,2025-2026,Parda,Nao,25-29,26,7000.5,False,False,True,True,,,False,False,True,,Nao_ocorreram_layoffs/demissoes_em_massa_na_empresa_em_que_trabalho,,9.0,,,1.0,,,1.0,,1.0,3.0,,1.0,2.0,3.0,,,3.0,3.0,1.0,1.0,True,False,False,memr1hu0nk4d1ixpkq5memr1hurcbasy,2025-11-01 14:34:53,2025
6e46e468341089871e3a490b820bc6078e94814a888ad97e2de469c1f377f021,f5aeb0b6798a7470,,,8d8376636f8ade6f,cbb8b78dc192f1be,2833afa24eae7ac7,a8345d98542c8fcb,7e9f6dc0fde56d40,2048c036bd9b18b5,38f8b03d1890969c,2025-2026,Branca,Nao,25-29,29,27500.5,True,False,True,True,,,True,False,True,"Sim,_esta_entre_nossas_principais_prioridades_para_os_proximos_2-4_anos_(com_discussoes_de_iniciativas_e_orcamentos_de_curto_a_medio_prazo).","Sim,_ocorreram_layoffs/demissoes_em_massa_na_empresa_em_que_trabalho_mas_nao_fui_afetado","Sim._Temos_projetos_envolvendo_AI_Generativa_e_Modelos_LLM_em_producao,_gerando_resultados_e_impacto_no_negocio.",,,,,1.0,1.0,,5.0,,3.0,,,,,,,2.0,,,,True,True,False,sy34dh831muq2fotusy34fdzko5dyy1b,2025-11-02 12:52:03,2025
5db9150ecdf54aece5f59632cdaada1133aef7a1db1e2dd913f89cf5c74691b2,0df9e03357ae3a2b,dbb936c8c1ffecd9,911d0b99409727d3,0e1e984e5bd7c32f,f3602ece1606872c,2833afa24eae7ac7,a8345d98542c8fcb,3274ca06d4c94bff,2de7e75800b84bf1,77ec651ae4aaf72e,2025-2026,Branca,Nao,40-44,42,22500.5,False,False,True,True,,,True,True,False,,"Sim,_ocorreram_layoffs/demissoes_em_massa_na_empresa_em_que_trabalhava_e_eu_fui_afetado",,,,,,,,,,1.0,3.0,,,,,,1.0,,,,,,False,False,d8gk4q5a5f9xcv1s3ubmd8gkec8esg94,2025-11-03 10:11:48,2025
1ec339aedeeb4d98795df33f23ffb8cfb57a31de063029982b611f3685e3730a,6f496e9738ca13d1,c2746be945b965d3,55cdc119d607e551,a4ae60a328c87d96,cbb8b78dc192f1be,a7d05515eec02b7a,a8345d98542c8fcb,c9ed1c765640c18d,2048c036bd9b18b5,d95903abcbe2576f,2025-2026,Branca,Nao,30-34,31,10000.5,False,False,True,False,,,False,False,True,,Nao_ocorreram_layoffs/demissoes_em_massa_na_empresa_em_que_trabalho,,,6.0,,5.0,,,1.0,,,3.0,2.0,1.0,2.0,1.0,,,2.0,1.0,1.0,1.0,True,False,False,xyk63ibbmfbvjmf0uxyk63ixej603fkz,2025-11-03 10:27:12,2025
7044945bd52a28f51d661c26d10b6a90b4da6a95fb8ccff4eebe767bf00a343c,ce344a418127968f,,,8d8376636f8ade6f,cbb8b78dc192f1be,2833afa24eae7ac7,a8345d98542c8fcb,0569ab4f29228b28,982900b1b6b3c126,d95903abcbe2576f,2025-2026,Parda,Nao,35-39,35,10000.5,True,False,True,False,,,False,False,True,Nao_e_uma_iniciativa_que_estamos_focando_e_nao_tem_sido_uma_prioridade.,Nao_ocorreram_layoffs/demissoes_em_massa_na_empresa_em_que_trabalho,"Em_partes._Temos_alguns_projetos_""piloto"",_envolvendo_AI_Generativa_e_Modelos_LLM,_rodando_mas_sem_muitos_resultados_e_impacto_no_negocio.",,,,,2.0,1.0,,5.0,1.0,3.0,3.0,,,,,,3.0,,,,True,True,False,4uvr80od9copaz80d7o4uvr8c5uj2qbs,2025-11-03 10:29:37,2025
282123bed0735719df997ce24f86a4191484e27d640f993eb7a4b9bdc5af19f6,294763754a8efd4c,c518a4f98887a30b,55cdc119d607e551,5835bc43ea92d4c5,cbb8b78dc192f1be,43eba83eee969f1e,a8345d98542c8fcb,3274ca06d4c94bff,2048c036bd9b18b5,85595ffccc905ca5,2025-2026,Prefiro_nao_informar,Nao,30-34,32,5000.5,False,False,True,False,,,False,False,True,,Nao_ocorreram_layoffs/demissoes_em_massa_na_empresa_em_que_trabalho,,11.0,,,1.0,,,1.0,,1.0,3.0,1.0,2.0,3.0,3.0,,,3.0,3.0,1.0,2.0,True,False,False,fris4w7lma6tmfris400x0he38xjpnb9,2025-11-03 10:29:47,2025
474f2ae01aa956ec352d5632e80f207a8d4eea352b88ff551575c2d8820a4527,,91aaff70ef7b0d7e,92613a8f434050ae,78dcf54c346ca653,f3602ece1606872c,45257b7dd1c84b75,fe3df6ab57602796,3274ca06d4c94bff,2048c036bd9b18b5,940f48d40481453d,2025-2026,Branca,Nao,30-34,31,14000.5,False,False,False,False,,,False,False,True,,Nao_ocorreram_layoffs/demissoes_em_massa_na_empresa_em_que_trabalho,,,8.0,,2.0,,,1.0,,1.0,3.0,2.0,1.0,5.0,1.0,,,2.0,1.0,1.0,1.0,True,False,False,z7qxmmac4f5d5zj4z7qx503m5nydqq62,2025-11-03 10:40:24,2025
1a5cfdd4cb4036c714fc9918f76a9bdd7548412e3aa3a1e875e474be3916bbbd,0df9e03357ae3a2b,fe17ae5e2eff92b0,92613a8f434050ae,460e4e0bd6b3cd1d,cbb8b78dc192f1be,2833afa24eae7ac7,a8345d98542c8fcb,3274ca06d4c94bff,2de7e75800b84bf1,d95903abcbe2576f,2025-2026,Parda,Nao,30-34,31,10000.5,False,False,True,True,,,False,False,True,,Nao_ocorreram_layoffs/demissoes_em_massa_na_empresa_em_que_trabalho,,11.0,,,2.0,,,1.0,,1.0,3.0,,1.0,4.0,1.0,,,5.0,1.0,1.0,1.0,True,False,False,fu61twubzvted0bijofu61tyuzmg0esz,2025-11-03 10:44:57,2025
bc4f0748b4da53433fb8ec82558bb5f7f00878fc01f04622de276940d7a5ddac,,c518a4f98887a30b,92613a8f434050ae,0e1e984e5bd7c32f,f3602ece1606872c,45257b7dd1c84b75,e48dc30f6cbde6fe,c9ed1c765640c18d,2de7e75800b84bf1,940f48d40481453d,2025-2026,Branca,Nao,35-39,35,14000.5,False,False,False,True,,,True,False,True,,"Sim,_ocorreram_layoffs/demissoes_em_massa_na_empresa_em_que_trabalho_mas_nao_fui_afetado",,6.0,,,2.0,,,1.0,,1.0,3.0,,1.0,1.0,1.0,,,2.0,1.0,1.0,1.0,True,False,False,gsws34qj5235m9jkadcgsws3d2mqc9xs,2025-11-03 11:02:32,2025
6e1250b445b595572301405c1a942dafbaba8b72a0bab24dbc80acf548aa5e39,f5aeb0b6798a7470,e6a628f18955ffc3,911d0b99409727d3,0e1e984e5bd7c32f,cbb8b78dc192f1be,45257b7dd1c84b75,3053d057e7d49d8f,3274ca06d4c94bff,b8ec533185a2aae8,77ec651ae4aaf72e,2025-2026,Branca,Nao,55+,56,22500.5,False,False,True,True,True,True,True,False,False,,"Sim,_ocorreram_layoffs/demissoes_em_massa_na_empresa_em_que_trabalho_mas_nao_fui_afetado",,,,7.0,7.0,,,1.0,,,3.0,,1.0,4.0,1.0,,,6.0,1.0,1.0,1.0,True,False,True,kjklhhtqfgzfric7okjklhht0t5epof5,2025-11-03 11:05:38,2025
27290687fe22b67d5436ba89f1d0fea1bc95da31439111dfa9adf3d8048dda32,f5aeb0b6798a7470,cb6d01a5d97e4b3e,911d0b99409727d3,e98c69c2254daa93,cbb8b78dc192f1be,2833afa24eae7ac7,fe3df6ab57602796,7e9f6dc0fde56d40,2048c036bd9b18b5,c142a48bfad4a258,2025-2026,Branca,Nao,40-44,42,18000.5,False,False,True,False,False,False,False,False,False,,Nao_ocorreram_layoffs/demissoes_em_massa_na_empresa_em_que_trabalho,,,,4.0,3.0,,,2.0,,,3.0,3.0,3.0,4.0,3.0,,,4.0,3.0,1.0,3.0,True,False,True,jx3uzwibot79vn2t9zjx3uzw3zypytqb,2025-11-03 11:13:11,2025
fcc689e77c0c2bf5228e4621b674bdd86676cbadaa9c0f29c54ff2c939f30004,0df9e03357ae3a2b,e6a628f18955ffc3,55cdc119d607e551,4aaeee29d0fe6f08,cbb8b78dc192f1be,43eba83eee969f1e,3053d057e7d49d8f,c9ed1c765640c18d,2de7e75800b84bf1,d95903abcbe2576f,2025-2026,Branca,Nao,30-34,30,10000.5,False,False,True,True,True,False,False,False,True,,Nao_ocorreram_layoffs/demissoes_em_massa_na_empresa_em_que_trabalho,,,,5.0,7.0,,,2.0,,,3.0,,2.0,2.0,2.0,,,2.0,2.0,1.0,2.0,True,False,True,rfp44k2i6mvw3t8o1t23uprfp44k237h,2025-11-03 11:21:09,2025
2676cdbd8fa69db329c93d1cd940ca514f864bdfad534f496d56c0b403bf5ac4,f5aeb0b6798a7470,e6a628f18955ffc3,92613a8f434050ae,757645cf0ac935b1,cbb8b78dc192f1be,45257b7dd1c84b75,6b531d47cff93c33,7e9f6dc0fde56d40,2de7e75800b84bf1,940f48d40481453d,2025-2026,Branca,Nao,35-39,35,14000.5,False,False,True,True,True,False,False,False,True,,Nao_ocorreram_layoffs/demissoes_em_massa_na_empresa_em_que_trabalho,,,,9.0,1.0,,,1.0,,,3.0,,1.0,3.0,2.0,,,3.0,2.0,1.0,1.0,True,False,True,mj30ako5itf9amj30l1yqs6c36a2zwwj,2025-11-03 11:42:07,2025
25f7a371bbf9ee3c08cee49902024822299cdb54e59f9f32059eb6436f2a1645,f5aeb0b6798a7470,c2746be945b965d3,92613a8f434050ae,757645cf0ac935b1,f3602ece1606872c,2833afa24eae7ac7,a8345d98542c8fcb,7e9f6dc0fde56d40,2de7e75800b84bf1,940f48d40481453d,2025-2026,Branca,Nao,30-34,31,14000.5,False,False,True,True,,,True,False,True,,"Sim,_ocorreram_layoffs/demissoes_em_massa_na_empresa_em_que_trabalho_mas_nao_fui_afetado",,,19.0,,2.0,,,1.0,,1.0,3.0,,1.0,2.0,2.0,,2.0,3.0,2.0,1.0,1.0,True,False,False,xgjbgdzomvev23jargcxgjbgd337aql2,2025-11-03 11:43:20,2025
b8a0386117c4f6edfbf4a5a69b6f0b279d70ad74e03f5b9c37e9eaa83c38b558,667e1c97e3c6f471,dbb936c8c1ffecd9,55cdc119d607e551,78dcf54c346ca653,cbb8b78dc192f1be,2833afa24eae7ac7,fe3df6ab57602796,3274ca06d4c94bff,f719efb91c5dbcd8,d95903abcbe2576f,2025-2026,Branca,Nao,30-34,32,10000.5,False,False,True,True,,,False,False,True,,Nao_ocorreram_layoffs/demissoes_em_massa_na_empresa_em_que_trabalho,,,,,,,,,,,3.0,,,,,,,,,,,,False,False,lrpju49hy61ply1llrp7udodzkw4edss,2025-11-03 11:47:10,2025
5c5a5ae2da0a0b1f6829b53076fbe780f4b325b1c02b984f642c5c28b294edc2,0df9e03357ae3a2b,f1d982ec22966a77,ecc6252a91d769cd,e98c69c2254daa93,cbb8b78dc192f1be,43eba83eee969f1e,fe3df6ab57602796,3274ca06d4c94bff,982900b1b6b3c126,e25c1203a442e6ba,2025-2026,Branca,Nao,22-24,22,7000.5,False,False,True,False,True,True,False,False,True,,Nao_ocorreram_layoffs/demissoes_em_massa_na_empresa_em_que_trabalho,,,,6.0,2.0,,,1.0,,,3.0,2.0,1.0,4.0,2.0,,,3.0,2.0,1.0,1.0,True,False,True,1s1m273f2saxt9i55h0l1s1mfbfq20jn,2025-11-03 11:52:42,2025
24eddd884ba6dae7c0d747bfc9c420924f38b5cc9073aa26e2fe6d7f9fcb3800,f5aeb0b6798a7470,c518a4f98887a30b,55cdc119d607e551,8d8376636f8ade6f,cbb8b78dc192f1be,43eba83eee969f1e,30f4c671715c7fba,0569ab4f29228b28,2048c036bd9b18b5,d95903abcbe2576f,2025-2026,Branca,Nao,30-34,34,10000.5,False,False,True,True,,,False,False,False,,Nao_ocorreram_layoffs/demissoes_em_massa_na_empresa_em_que_trabalho,,4.0,,,1.0,,,1.0,,,3.0,,2.0,2.0,2.0,,,2.0,2.0,1.0,2.0,True,False,False,btbffkv09nr9pp1w9ykbtbffx61h9yjm,2025-11-03 11:57:50,2025
